status,text
1,"–û—Ç–ª–∏—á–Ω–∞—è –ø–µ—à–µ—Ö–æ–¥–Ω–∞—è –¥–æ—Ä–æ–≥–∞ –≤–¥–æ–ª—å —Ä–µ—á–∫–∏, —á–∏—Å—Ç—ã–π –≤–æ–∑–¥—É—Ö, –º–∞–∫—Å–∏–º–∞–ª—å–Ω–∞—è —Ç–æ—á–∫–∞ –ø–æ–¥—ä—ë–º–∞ 1060 –º–µ—Ç—Ä–æ–≤ –Ω–∞–¥ —É—Ä–æ–≤–Ω–µ–º –º–æ—Ä—è. –ß–∏—Å—Ç–æ, –Ω–∞ –≤—Å–µ–º –ø—Ä–æ—Ç—è–∂–µ–Ω–∏–∏ —Ä–∞—Å–ø–æ–ª–æ–∂–µ–Ω—ã –ø–ª–æ—â–∞–¥–∫–∏ –¥–ª—è —Ä–∞–∑–º–∏–Ω–∫–∏, —Å–∫–∞–º—å–∏, —É—Ä–Ω—ã –¥–ª—è –º—É—Å–æ—Ä–∞, –∫–∞—Ñ–µ . –ò–º–µ–µ—Ç—Å—è –æ—Ç–¥–µ–ª—å–Ω–æ —Å—Ç–æ—è—â–∞—è, –æ–≥–æ—Ä–æ–∂–µ–Ω–∞—è –ø–ª–æ—â–∞–¥–∫–∞ –¥–ª—è —Å–æ–±–∞–∫, —Å–ø–µ—Ü–∏–∞–ª—å–Ω—ã–µ –¥–∏—Å–ø–ª–µ–∏ —Å –º–µ—à–æ—á–∫–∞–º–∏ –¥–ª—è —Å–±–æ—Ä–∞ —ç–∫—Å–∫—Ä–µ–º–µ–Ω—Ç–æ–≤ —á–µ—Ç–≤–µ—Ä–æ–Ω–æ–≥–∏—Ö –¥—Ä—É–∑–µ–π. –†–µ–∫–æ–º–µ–Ω–¥—É—é –ø—Ä–æ–π—Ç–∏—Å—å –ø–æ —Ç–µ—Ä—Ä–µ–Ω–∫—É—Ä—É, –µ—Å–ª–∏ –±—É–¥–µ—Ç –≤–æ–∑–º–æ–∂–Ω–æ—Å—Ç—å!"
1,"–ü—Ä–µ–∫—Ä–∞—Å–Ω–æ–µ –º–µ—Å—Ç–æ –∫–∞–∫ –¥–ª—è –ø—Ä–æ–≥—É–ª–æ–∫, —Ç–∞–∫ –∏ –¥–ª—è –∑–∞–Ω—è—Ç–∏–π —Å–ø–æ—Ä—Ç–æ–º. –° –∫–∞–∂–¥—ã–º –≥–æ–¥–æ–º —Ç–µ—Ä—Ä–µ–Ω–∫—É—Ä –ø—Ä–µ–æ–±—Ä–∞–∂–∞–µ—Ç—Å—è –≤ –ª—É—á—à—É—é —Å—Ç–æ—Ä–æ–Ω—É - –¥–æ—Å–∞–∂–∏–≤–∞—é—Ç—Å—è —Ä–∞—Å—Ç–µ–Ω–∏—è, –ø—Ä–∏–±–∞–≤–ª—è—é—Ç—Å—è –Ω–æ–≤—ã–µ —Ç–æ—á–∫–∏ –¥–ª—è –æ—Ç–¥—ã—Ö–∞ –∏ —Å–ø–æ—Ä—Ç–∞. –õ—é–¥–∏ –∏ –∞—Ç–º–æ—Å—Ñ–µ—Ä–∞ –∑–¥–µ—Å—å –Ω–∞—Å—Ç–æ—è—â–∏–µ - –∞–ª–º–∞—Ç–∏–Ω—Å–∫–∏–µ ‚ù§Ô∏è"
1,"–ó–∞–º–µ—á–∞—Ç–µ–ª—å–Ω–∞—è –ø–µ—à–µ—Ö–æ–¥–Ω–∞—è –¥–æ—Ä–æ–∂–∫–∞ –≤–¥–æ–ª—å –º–∞–ª–æ–π –ê–ª–º–∞—Ç–∏–Ω–∫–∏. –ù–µ–¥–∞–≤–Ω–æ —Ä–µ–∫–æ–Ω—Å—Ç—Ä—É–∏—Ä–æ–≤–∞–Ω–Ω–∞—è. –ü—Ä–∏—è—Ç–Ω–æ –ø–æ—Å–∏–¥–µ—Ç—å –ª–µ—Ç–æ–º –≤ —Ç–µ–Ω–∏ –¥–µ—Ä–µ–≤—å–µ–≤ –ø–æ–¥ —à—É–º —Ä–µ–∫–∏ –Ω–∞ —Å–∫–∞–º–µ–π–∫–µ, –ø–æ–∫–∞—á–∞—Ç—å—Å—è –Ω–∞ –∫–∞—á–µ–ª—è—Ö, –ø–æ–∑–∞–Ω–∏–º–∞—Ç—å—Å—è –Ω–∞ —Ç—Ä–µ–Ω–∞–∂—ë—Ä–∞—Ö, –¥–µ—Ç—è–º –≤ —Ä–∞–¥–æ—Å—Ç—å –ø–æ–∏–≥—Ä–∞—Ç—å –Ω–∞ –¥–µ—Ç—Å–∫–∏—Ö –ø–ª–æ—â–∞–¥–∫–∞—Ö. –ò –≤ –∑–∏–º–Ω–µ–µ –≤—Ä–µ–º—è –º–æ–∂–Ω–æ –ø—Ä–æ–π—Ç–∏—Å—å –ø–µ—à–∫–æ–º, —Å–æ–≤–µ—Ä—à–∏—Ç—å –ø—Ä–æ–±–µ–∂–∫—É 4,5–∫–º —Ç–µ—Ä—Ä–µ–Ω–∫—É—Ä–∞ –∫ —É—Å–ª—É–≥–∞–º –∞–ª–º–∞–∞—Ç–∏–Ω—Ü–µ–≤."
1,"–ú–Ω–µ –Ω—Ä–∞–≤–∏—Ç—Å—è —Ç–∞–º –≥—É–ª—è—Ç—å –∫–∞–∫ —Ä–∞–∑ –∂–∏–≤—É —Ä—è–¥–æ–º,–º–æ–∂–Ω–æ –≥—É–ª—è—Ç—å –∫–∞–∂–¥—ã–π –¥–µ–Ω—å,–∑–∏–º–æ–π –º–æ–∂–Ω–æ –∫–∞—Ç–∞—Ç—å—Å—è –Ω–∞ —Å–∫–ª–æ–Ω–∞—Ö,–Ω–æ –ø–ª–æ—â–∞–¥–∫–∞ –≤—Ç–æ—Ä–∞—è –æ—Ç –º–æ—Å—Ç–∞ –±–æ–ª—å—à–æ–≥–æ –æ—á–µ–Ω—å —Å–∏–ª—å–Ω–æ —Å–∫—Ä–µ–ø–∏—Ç –∏ –±—Ä—É—Å—å—è —Å–ª–∏—à–∫–æ–º –≤—ã—Å–æ–∫–æ –±–µ–∑ —Ä–æ–¥–∏—Ç–µ–ª–µ–π –Ω–∏–∫—Ç–æ –Ω–µ —Å–ø—Ä–∞–≤–∏—Ç—Å—è."
1,"–ü–∞—Ä–∫ –¢–µ—Ä—Ä–µ–Ω–∫—É—Ä –ø—Ä–æ—Å—Ç–∏—Ä–∞–µ—Ç—Å—è –≤–¥–æ–ª—å –ú–∞–ª–æ–π –ê–ª–º–∞—Ç–∏–Ω–∫–∏ –¥–æ –æ–∑–µ—Ä–∞. –ü—Ä–∏—è—Ç–Ω–æ–µ –∏ –±–ª–∞–≥–æ—É—Å—Ç—Ä–æ–µ–Ω–Ω–æ–µ –º–µ—Å—Ç–æ –¥–ª—è –ø—Ä–æ–≥—É–ª–æ–∫, —É–≥–æ–ª–æ–∫ –ø—Ä–∏—Ä–æ–¥—ã –≤ –≥–æ—Ä–æ–¥–µ. –¢–µ—Ä—Ä–µ–Ω–∫—É—Ä –≤ –±–æ–ª–µ–µ —à–∏—Ä–æ–∫–æ–º —Å–º—ã—Å–ª–µ - —ç—Ç–æ ""—Ç—Ä–æ–ø–∞ –∑–¥–æ—Ä–æ–≤—å—è"", –ø–µ—à–µ—Ö–æ–¥–Ω—ã–π –º–∞—Ä—à—Ä—É—Ç —Å —ç–ª–µ–º–µ–Ω—Ç–∞–º–∏ –≤–æ—Å—Ö–æ–∂–¥–µ–Ω–∏—è. –°–æ–≥–ª–∞—Å–Ω–æ 2–≥–∏—Å, –¥–ª–∏–Ω–∞ –∞–ª–º–∞—Ç–∏–Ω—Å–∫–æ–≥–æ —Ç–µ—Ä—Ä–µ–Ω–∫—É—Ä–∞ ‚Äî 4,5 –∫–∏–ª–æ–º–µ—Ç—Ä–∞, –Ω–∞–∏–≤—ã—Å—à–∞—è —Ç–æ—á–∫–∞ —Å–æ—Å—Ç–∞–≤–ª—è–µ—Ç 1058 –º–µ—Ç—Ä–æ–≤, –∞ –Ω–∏–∑—à–∞—è ‚Äî 876 –º–µ—Ç—Ä–æ–≤ –Ω–∞–¥ —É—Ä–æ–≤–Ω–µ–º –º–æ—Ä—è."
1,"–ü–æ—Ç—Ä—è—Å–∞—é—â–µ–µ –º–µ—Å—Ç–æ –¥–ª—è –ø—Ä–æ–≥—É–ª–∫–∏ –∫–∞–∫ –≤ –æ–¥–∏–Ω–æ—á–∫—É, —Ç–∞–∫ –∏ —Å —Å–µ–º—å—ë–π –∏–ª–∏ –∫–æ–º–ø–∞–Ω–∏–µ–π) –í—Å–µ–≥–¥–∞ —á–∏—Å—Ç–æ—Ç–∞ –Ω–∞ —Ç—Ä–æ–ø–∏–Ω–∫–µ, –º–Ω–æ–≥–æ —É—Ä–Ω –∏ —Å–ø–æ—Ä—Ç–∏–≤–Ω—ã—Ö –ø–ª–æ—â–∞–¥–æ–∫! –û–¥–Ω–∏–º —Å–ª–æ–≤–æ–º –ö–õ–ê–°–°–°–°–°!!!"
1,"–ú–µ—Å—Ç–æ –≥–¥–µ –º–æ–∂–Ω–æ —Å–æ–±—Ä–∞—Ç—å—Å—è —Å –º—ã—Å–ª—è–º–∏,—Å –¥—Ä—É–∑—å—è–º–∏. –ò–ª–∏ –ø—Ä–æ—Å—Ç–æ –æ—Ç–¥–æ—Ö–Ω—É—Ç—å –æ—Ç —Å—É–µ—Ç—ã –∏ —à—É–º–∞. –û—Ö—Ä–∞–Ω–∞ –æ–±–µ—Å–ø–µ—á–∏–≤–∞–µ—Ç –ø–æ—Ä—è–¥–æ–∫ –∏ –±–µ–∑–æ–ø–∞—Å–Ω–æ—Å—Ç—å. –•–æ—Ä–æ—à–æ –ø–æ–æ–≤–æ–¥–∏—Ç—å —É—Ä–æ–∫–∏ –Ω–∞ —Å–≤–µ–∂–µ–º –≤–æ–∑–¥—É—Ö–µ. –° –¥–µ—Ç–∏—à–∫–∞–º–∏ –ø—Ä–∏–∏—Ç–∏. –î–∞!"
1,"–û–¥–Ω–æ –∏–∑ –Ω–µ–º–Ω–æ–≥–∏—Ö –º–µ—Å—Ç –≤ –≥–æ—Ä–æ–¥–µ, –≥–¥–µ –º–æ–∂–Ω–æ –ø—Ä–æ–≥—É–ª—è—Ç—å—Å—è, –æ—Ç–¥–æ—Ö–Ω—É—Ç—å –∏ –ø–æ–¥—ã—à–∞—Ç—å —Å–≤–µ–∂–∏–º –≤–æ–∑–¥—É—Ö–æ–º. –û—Å–µ–Ω—å—é , —Å —É—Ç—Ä–∞ , –∫–æ–≥–¥–∞ —Å–æ–ª–Ω—Ü–µ —Ç–æ–ª—å–∫–æ –≤–∑–æ—à–ª–æ, –æ—Å–æ–±–µ–Ω–Ω–æ –∫—Ä–∞—Å–∏–≤–æ!"
1,"–ò–¥–µ–∞–ª—å–Ω–æ –¥–ª—è –ø–µ—à–∏—Ö –ø—Ä–æ–≥—É–ª–æ–∫ –∏ –ø—Ä–æ–±–µ–∂–µ–∫. –ù—É–∂–Ω–æ –æ—Ç–¥–∞—Ç—å –¥–æ–ª–∂–Ω–æ–µ –≥–æ—Ä–æ–¥—Å–∫–∏–º –≤–ª–∞—Å—Ç—è–º. –¢–µ—Ä—Ä–µ–Ω–∫—É—Ä –æ–±–ª–∞–≥–æ—Ä–æ–¥–∏–ª–∏, –æ–∑–µ–ª–µ–Ω–∏–ª–∏ , –ø–æ—Å—Ç–∞–≤–∏–ª–∏ —Ç—É–∞–ª–µ—Ç—ã, —Ç—Ä–µ–Ω–∞–∂–µ—Ä—ã. –°–ø–∞—Å–∏–±–æ."
1,"–ü—Ä–∞–∫—Ç–∏—á–µ—Å–∫–∏ –∫–∞–∂–¥—ã–π –¥–µ–Ω—å –≥—É–ª—è—é –∑–¥–µ—Å—å. –ß–∏—Å—Ç–µ–Ω—å–∫–æ, –Ω–æ —Å –ø—Ä–∏—Ö–æ–¥–æ–º —Ç–µ–ø–ª–∞ —Å—Ç–∞–ª–æ –º–Ω–æ–≥–æ–ª—é–¥–Ω–æ. –¢–æ—á–Ω–æ –∑–Ω–∞—é, —á—Ç–æ –ª–µ—Ç–æ–º —Ç—É–∞–ª–µ—Ç —Ä–∞–±–æ—Ç–∞–ª –∏ —É—Å—Ç–∞–Ω–æ–≤–∏–ª–∏ –ø–∏—Ç—å–µ–≤—ã–µ —Ñ–æ–Ω—Ç–∞–Ω—á–∏–∫–∏"
1,"–û—Ç–ª–∏—á–Ω–æ–µ –º–µ—Å—Ç–æ –¥–ª—è —Å–ø–æ–∫–æ–π–Ω—ã—Ö –ø–µ—à–∏—Ö –ø—Ä–æ–≥—É–ª–æ–∫ –≤ –ø—Ä–æ—Ö–ª–∞–¥–µ –ú–∞–ª–æ–π –∞–ª–º–∞—Ç–∏–Ω–∫–∏. –¢–µ—Ä—Ä–µ–Ω–∫—É—Ä –æ—Å–≤–æ–±–æ–∂–¥—ë–Ω –æ—Ç –≤–µ–ª–æ—Å–∏–ø–µ–¥–æ–≤ –∏ —Å–∞–º–æ–∫–∞—Ç–æ–≤, –ø–æ—ç—Ç–æ–º—É –º–æ–∂–Ω–æ —Ö–æ–¥–∏—Ç—å —Å –¥–µ—Ç—å–º–∏, –Ω–µ –ø–µ—Ä–µ–∂–∏–≤–∞—è, —á—Ç–æ —Å –Ω–∏–º–∏ –∫—Ç–æ-—Ç–æ –º–æ–∂–µ—Ç —Å—Ç–æ–ª–∫–Ω—É—Ç—å—Å—è. –í–¥–æ–ª—å –Ω–∞–±–µ—Ä–µ–∂–Ω–æ–π —É—Å—Ç–∞–Ω–æ–≤–ª–µ–Ω–æ –Ω–µ—Å–∫–æ–ª—å–∫–æ —Å–ø–æ—Ä—Ç–∏–≤–Ω—ã—Ö –∏ –∏–≥—Ä–æ–≤—ã—Ö –ø–ª–æ—â–∞–¥–æ–∫ –∏ —Ä–∞–±–æ—Ç–∞–µ—Ç –Ω–µ—Å–∫–æ–ª—å–∫–æ –Ω–µ–±–æ–ª—å—à–∏—Ö –∫–∞—Ñ–µ."
1,"–ü—Ä–µ–∫—Ä–∞—Å–Ω—ã–π –ø–∞—Ä–∫ —Ä–∞—Å–ø–æ–ª–æ–∂–µ–Ω –Ω–∞ –Ω–∞–±–µ—Ä–µ–∂–Ω–æ–π —Ä–µ–∫–∏ –ú–∞–ª–∞—è –ê–ª–º–∞—Ç–∏–Ω–∫–∞. –ù–∞ –ø—Ä–æ—Ç—è–∂–µ–Ω–∏–∏ –≤—Å–µ–≥–æ –ø–∞—Ä–∫–∞ –µ—Å—Ç—å –º–µ—Å—Ç–∞ –æ—Ç–¥—ã—Ö–∞: –ª–∞–≤–æ—á–∫–∏, –∫–∞—á–µ–ª–∏, –∫–∞—Ñ–µ—à–∫–∏. –î–µ—Ç–∫–∞–º –±—É–¥–µ—Ç –æ—á–µ–Ω—å –∏–Ω—Ç–µ—Ä–µ—Å–Ω–æ) –ï—Å—Ç—å –±–µ—Å–ø–ª–∞—Ç–Ω—ã–µ —á–∏—Å—Ç–µ–π—à–µ —É–±–æ—Ä–Ω—ã–µ. –î–ª—è –¥–µ—Ç–æ–∫ –∏ –≤–∑—Ä–æ—Å–ª—ã—Ö –∫–∞—á–µ–ª–∏, –∫–∞–Ω–∞—Ç–Ω—ã–µ —à–∞—Ä—ã. –ò–¥–µ–∞–ª—å–Ω–æ –ø–æ–¥–æ–π–¥—É—Ç –ª—é–±–∏—Ç–µ–ª—è–º –±–µ–≥–∞ –∏ –ø–µ—à–∏—Ö –ø—Ä–æ–≥—É–ª–æ–∫)"
1,"–ñ–∏–≤–æ–ø–∏—Å–Ω–æ–µ –º–µ—Å—Ç–æ –¥–ª—è –ø—Ä–æ–≥—É–ª–æ–∫ –∏ –ø—Ä–æ–±–µ–∂–µ–∫ (–Ω–∞ –≥–æ—Ä–æ–¥—Å–∫–∏—Ö —Å–∞–º–æ–∫–∞—Ç–∞—Ö –ø—Ä–æ–µ–∑–¥ –∑–∞–ø—Ä–µ—â–µ–Ω). –ï—Å—Ç—å –¥–µ—Ç—Å–∫–∞—è –ø–ª–æ—â–∞–¥–∫–∞, —É–ª–∏—á–Ω—ã–µ —Ç—Ä–µ–Ω–∞–∂–µ—Ä—ã —Å–æ —Å–ø–æ—Ä—Ç–∏–≤–Ω—ã–º–∏ –ø–ª–æ—â–∞–¥–∫–∞–º–∏, –±–µ—Å–ø–ª–∞—Ç–Ω—ã–µ —Ç—É–∞–ª–µ—Ç—ã –∏ –Ω–µ—Å–∫–æ–ª—å–∫–æ –Ω–µ–±–æ–ª—å—à–∏—Ö, –Ω–æ —É—é—Ç–Ω—ã—Ö –∫–æ—Ñ–µ–π–Ω—å. –†–∞–∑–ª–∏—á–Ω–∞—è –¥–µ–∫–æ—Ä–∞—Ç–∏–≤–Ω–∞—è —Ä–∞—Å—Ç–∏—Ç–µ–ª—å–Ω–æ—Å—Ç—å —Ä–∞–¥—É–µ—Ç –≥–ª–∞–∑. –ï–¥–∏–Ω—Å—Ç–≤–µ–Ω–Ω–æ–µ, –æ–∑–µ—Ä–æ –≤ –∫–æ–Ω—Ü–µ —Ç–µ—Ä—Ä–µ–Ω–∫—É—Ä–∞ –Ω—É–∂–Ω–æ –ø—Ä–∏–≤–µ—Å—Ç–∏ –≤ –ø–æ—Ä—è–¥–æ–∫, —Ç–∞–º –ø—Ä—è–º –ø–µ—á–∞–ª—å–Ω–æ."
1,"–ì—É–ª—è–π—Ç–µ –≤ —É–¥–æ–≤–æ–ª—å—Å—Ç–≤–∏–µ, –∫—Ä–∞—Å–∏–≤–æ, —á–∏—Å—Ç–æ, –±–µ–∑–æ–ø–∞—Å–Ω–æ. –ï—Å—Ç—å –Ω–µ—Å–∫–æ–ª—å–∫–æ –∫–∞—Ñ–µ-–∑–∞–∫—É—Å–æ—á–Ω—ã—Ö, —á—É—Ç—å –Ω–∏–∂–µ –ø—Ä. –ê–ª—å-–§–∞—Ä–∞–±–∏, —á—É—Ç—å –≤—ã—à–µ, –µ—Å—Ç—å –Ω–∞ —É–ª. –ö–æ–º–∞—Ä–æ–≤–æ–π. –î–æ–π–¥—è –¥–æ –∏—Å–∫—É—Å—Å—Ç–≤–µ–Ω–Ω–æ–≥–æ –æ–∑–µ—Ä–∞, –ø—Ä–æ–π–¥–∏—Ç–µ –≤—ã—à–µ –∫ –≥–æ—Å—Ç–∏–Ω–∏—Ü–µ –∏ —Å–≤–µ—Ä–Ω–∏—Ç–µ –Ω–∞–ø—Ä–∞–≤–æ, —á–µ—Ä–µ–∑ –º–µ—Ç—Ä–æ–≤ 400 –±—É–¥–µ—Ç –ø—Ä–æ–¥–æ–ª–∂–µ–Ω–∏–µ —Ç—Ä–æ–ø—ã –≤ –≥–æ—Ä–∞—Ö."
1,–ü—Ä–∏—è—Ç–Ω–æ–µ –º–µ—Å—Ç–æ –¥–ª—è –ø—Ä–æ–≥—É–ª–æ–∫! –û—á–µ–Ω—å –∫—Ä–∞—Å–∏–≤—ã–µ –º–µ—Å—Ç–∞! –í –ø–∞—Ä–∫–µ –Ω–µ–±–æ–ª—å—à–æ–µ –æ–∑–µ—Ä—Ü–æ —Å –¥–∏–∫–∏–º–∏ –≤–æ–¥–æ–ø–ª–∞–≤–∞—é—â–∏–º–∏ –ø—Ç–∏—Ü–∞–º–∏! –ë–µ—Å–µ–¥–∫–∏!
1,"–ü—Ä–µ–∫—Ä–∞—Å–Ω–æ–µ –±–µ–∑–æ–ø–∞—Å–Ω–æ–µ –º–µ—Å—Ç–æ –¥–ª—è –ø–µ—à–∏—Ö –ø—Ä–æ–≥—É–ª–æ–∫ —Å —Å–µ–º—å—ë–π. –ü–µ—Ä–µ–¥ –ø—Ä–æ—Å–ø–µ–∫—Ç–æ–º –ê–ª—å-–§–∞—Ä–∞–±–∏ –∏ —á—É—Ç—å –≤—ã—à–µ –µ—Å—Ç—å –∫–∞—Ñ–µ, –≥–¥–µ –º–æ–∂–Ω–æ –ø–æ–µ—Å—Ç—å –∏ –ø–æ–ø–∏—Ç—å –∫–æ—Ñ–µ. –ï—Å—Ç—å –ø–ª–æ—â–∞–¥–∫–∏ –¥–ª—è –æ—Ç–¥—ã—Ö–∞ –∏ —Ñ–∏–∑–∏—á–µ—Å–∫–∏—Ö —É–ø—Ä–∞–∂–Ω–µ–Ω–∏–π."
1,"–°–∞–º–∞ –∏–¥–µ—è –æ–±—É—Å—Ç—Ä–æ–∏—Ç—å –ø–µ—à–µ—Ö–æ–¥–Ω—É—é –¥–æ—Ä–æ–∂–∫—É –≤–¥–æ–ª—å —Ä—É—á—å—è –¥–ª—è –ø—Ä–æ–≥—É–ª–æ–∫ –∏ –æ—Ç–¥—ã—Ö–∞, –ø–æ-–º–æ–µ–º—É, –≤–µ–ª–∏–∫–æ–ª–µ–ø–Ω–∞. –ù–æ –≤ –¥–∞–Ω–Ω–æ–º —Å–ª—É—á–∞–µ –ø–æ—Ö–≤–∞–ª—é –∏ –µ–µ —Ä–µ–∞–ª–∏–∑–∞—Ü–∏—é: –∑–¥–µ—Å—å —á–∏—Å—Ç–æ, –º–Ω–æ–≥–æ —É–¥–æ–±–Ω—ã—Ö —Å–∫–∞–º–µ–µ–∫ –∏ –µ—Å—Ç—å, –Ω–∞ —á—Ç–æ –ø–æ—Å–º–æ—Ç—Ä–µ—Ç—å. –£–¥–æ–±–Ω–æ –∏ –¥–ª—è –¥–µ—Ç–µ–π, –∏ –¥–ª—è —Ä–æ–¥–∏—Ç–µ–ª–µ–π —Å –∫–æ–ª—è—Å–∫–æ–π. –ê—Ç–º–æ—Å—Ñ–µ—Ä–∞ –æ—Ç–¥—ã—Ö–∞."
1,"–û—á–µ–Ω—å –ø—Ä–∏—è—Ç–Ω–æ–µ, —É—Ö–æ–∂–µ–Ω–Ω–æ–µ –º–µ—Å—Ç–æ. –ù–∞ –≤—Å—ë–º –ø—Ä–æ—Ç—è–∂–µ–Ω–∏–∏ –º–∞—Ä—à—Ä—É—Ç—É –º–Ω–æ–≥–æ —Å–∫–∞–º–µ–µ–∫, –∑–æ–Ω –æ—Ç–¥—ã—Ö–∞ —Å —Ç—Ä–µ–Ω–∞–∂—ë—Ä–∞–º–∏, —É–∫–∞–∑–∞—Ç–µ–ª–∏, –ø–æ–∑–Ω–∞–≤–∞—Ç–µ–ª—å–µ—ã–µ —Ç–∞–±–ª–∏—á–∫–∏ –Ω–∞ —Ä–∞—Å—Ç–µ–Ω–∏—è—Ö. –°–∞–º–∞ —Ä–µ–∫–∞ –≤ –æ—á–µ–Ω—å —Ö–æ—Ä–æ—à–µ–º —Å–æ—Å—Ç–æ—è–Ω–∏–∏. –ö—Ä–µ–∞—Ç–∏–≤–Ω–æ —É–∫—Ä–µ–ø–ª–µ–Ω—ã –±–µ—Ä–µ–≥–∞. –ö—Ä–∞—Å–∏–≤—ã–µ –º–æ—Å—Ç–∏–∫–∏. –õ—é–±–ª—é —Ç—É–¥–∞ —Ö–æ–¥–∏—Ç—å!!"
1,"–û—á–µ–Ω—å –∫—Ä–∞—Å–∏–≤–æ–µ –∏ –∂–∏–≤–æ–ø–∏—Å–Ω–æ–µ –º–µ—Å—Ç–æ. –ú–æ–∂–Ω–æ –ø—Ä–æ—Å—Ç–æ –ø–æ–≥—É–ª—è—Ç—å, –ø–æ –Ω–∞—Å–ª–∞–∂–¥–∞—Ç—å—Å—è –ø—Ä–∏—Ä–æ–¥–æ–π –∏ –ø–æ–≥–æ–¥–æ–π, –∞ –º–æ–∂–Ω–æ –∏ —Ñ–æ—Ç–æ—Å–µ—Å—Å–∏—é –∑–¥–µ—Å—å –ø—Ä–æ–≤–µ—Å—Ç–∏ üëç"
1,–õ—é–±–∏–º–æ–µ –º–µ—Å—Ç–æ –¥–ª—è –ø—Ä–æ–≥—É–ª–æ–∫. –ü—Ä–æ–π—Ç–∏ –≤–µ—Å—å —Ç–µ—Ä—Ä–µ–Ω–∫—É—Ä –æ—á–µ–Ω—å –ø–æ–ª–µ–∑–Ω–æ –¥–ª—è –∑–¥–æ—Ä–æ–≤—å—è. –ò–º–µ—é—Ç—Å—è –æ–±—â–µ—Å—Ç–≤–µ–Ω–Ω—ã–µ —Ç—É–∞–ª–µ—Ç—ã –∏ –∫–∞—Ñ–µ–π–Ω–∏.
1,"–ö–ª–∞—Å—Å–Ω–æ–µ –º–µ—Å—Ç–æ –¥–ª—è –ø—Ä–æ–≥—É–ª–æ–∫, –Ω–æ —Å–ª–∏—à–∫–æ–º –º–Ω–æ–≥–æ –≥—É–ª—è—é—â–∏—Ö... –ò–¥–µ–∞–ª—å–Ω–æ —Ä–∞–Ω–Ω–∏–º —É—Ç—Ä–æ–º –∏–ª–∏ –≤ –Ω–µ–ø–æ–≥–æ–¥—É - –≤–∏–¥—ã –∫—Ä–∞—Å–∏–≤—ã–µ, –Ω–∞—Ä–æ–¥—É –º–∞–ª–æ"
1,"–ö–∞–∫ –∂–µ –∑–¥–µ—Å—å –∫—Ä–∞—Å–∏–≤–æ –≤ –ª—é–±–æ–µ –≤—Ä–µ–º—è –≥–æ–¥–∞,–≤ –ª—é–±—É—é –ø–æ–≥–æ–¥—É. –ó–¥–æ—Ä–æ–≤–æ –≥—É–ª—è—Ç—å –≤–¥–æ–ª—å –≥–æ—Ä–Ω–æ–π —Ä–µ–∫–∏ –ø–æ–¥ –∫—Ä–æ–Ω–∞–º–∏ –¥–µ—Ä–µ–≤—å–µ–≤,—Å–ª—É—à–∞—Ç—å –ø–µ–Ω–∏–µ –ø—Ç–∏—Ü. –ö–∞–∫ –º–Ω–æ–≥–æ –∑–¥–µ—Å—å –º–∞–º–æ—á–µ–∫ —Å –¥–µ—Ç–∫–∞–º–∏. –ö—Ä–∞—Å–æ—Ç–∞üòç"
0,"–î–≤–∞ —Ç—É–∞–ª–µ—Ç –Ω–∞ –≤—Å–µ–º –ø—É—Ç–∏, –∏ —Ç–µ —É–±–∏—Ç—ã–µ. –°–∞–º–æ –º–µ—Å—Ç–æ –≤ —Ü–µ–ª–æ–º –∫—Ä–∞—Å–∏–≤–æ–µ, –Ω–æ –Ω–µ—Ç ¬´–≤–∞—É¬ª —ç—Ñ—Ñ–µ–∫—Ç–∞. –ê –ø–µ—à–∞—è –¥–æ—Ä–æ–≥–∞ –¥–æ –¢–µ—Ä–µ–Ω–∫—É—Ä–∞ –∏–¥–µ–∞–ª—å–Ω–æ –ø–æ–¥—Ö–æ–¥–∏—Ç –¥–ª—è —Ç–æ–≥–æ, —á—Ç–æ–±—ã –ø—Ä–æ—Å—Ç–æ –æ—Ç–¥–æ—Ö–Ω—É—Ç—å –æ—Ç –≥–æ—Ä–æ–¥–∞."
1,–¢–µ—Ä—Ä–µ–Ω–∫—É—Ä –æ—Ç–ª–∏—á–Ω–æ–µ –º–µ—Å—Ç–æ —Ä–∞–Ω—å—à–µ –∑–∏–º–æ–π –∑–¥–µ—Å—å –∫–∞—Ç–∞–ª–∏—Å—å –Ω–∞ –≥–æ—Ä–∫–∞—Ö —â–∞—Å –ø–µ—Ä–µ–∫–æ–ø–∞–ª–∏ —Å–¥–µ–ª–∞–ª–∏ —á–∞—Å—Ç–Ω—É—é –≥–æ—Ä–∫—É . –•–æ—Ç—è —ç—Ç–æ –¢–µ—Ä—Ä–∏—Ç–æ—Ä–∏—è –¥–∞–≤–Ω–æ —É–∂–µ —á–∞—Å—Ç–Ω–æ–µ –ø—Ä–æ—Å—Ç–æ –º–Ω–æ–≥–∏–µ –æ–± —ç—Ç–æ–º –Ω–µ –∑–Ω–∞—é—Ç
1,"–û—Ç–ª–∏—á–Ω–æ–µ –º–µ—Å—Ç–æ –¥–ª—è –ø–µ—à–∏—Ö –ø—Ä–æ–≥—É–ª–æ–∫. –ß–∏—Å—Ç–æ –∏ –ø–æ—Ä—è–¥–æ–∫, –µ—Å—Ç—å —Å–ø–æ—Ä—Ç–∏–≤–Ω—ã–µ –ø–ª–æ—â–∞–¥–∫–∏, —Ç—Ä–æ–ø–∞ –∏–¥—ë—Ç –≤–¥–æ–ª—å —Ä–µ–∫–∏."
1,"–û—á–µ–Ω—å –ø—Ä–µ–∫—Ä–∞—Å–Ω–æ! –ö–æ–≥–¥–∞, 8 –ª–µ—Ç –Ω–∞–∑–∞–¥ –±—ã–ª –≤ –ê–≤—Å—Ç—Ä–∞–ª–∏–∏ –∏ —Ç–æ–≥–¥–∞ –ø–æ–¥—É–º–∞–ª, —É –Ω–∞—Å –≤ –ê–ª–º–∞—Ç—ã —Ç–∞–∫–∏–µ –∂–µ –ø–µ—à–µ—Ö–æ–¥–Ω—ã–µ –∏ –¥–ª—è –ø—Ä–æ–±–µ–∂–∫–∏ –Ω—É–∂–¥–∞–µ—Ç—Å—è. –°–µ–≥–æ–¥–Ω—è, –≥–æ—Ä–¥–æ—Å—Ç—å—é –ø—Ä–æ–∏–∑–Ω–æ—à—É, –Ω–∞—à –¢–µ—Ä—Ä–µ–Ω–∫—É—Ä —Å –ú–∞–ª–æ–π –ê–ª–º–∞—Ç–∏–Ω–∫–æ–π –ª—É—á—à–µ–µ –º–µ—Å—Ç–æ –¥–ª—è –±–µ–≥–∞ –∏ –ø—Ä–æ–≥—É–ª–∫–∏! –¢–µ–ø–µ—Ä—å —Å–¥–µ–ª–∞–Ω–æ –ø–∏—Ç—å–µ–≤–∞—è –≤–æ–¥–∞ –∏ —Å–∞–Ω—É–∑–ª—ã –æ—Ç–ª–∏—á–Ω—ã–µ. –°–ø–∞—Å–∏–±–æ, —Ç–µ–º –∫—Ç–æ —ç—Ç–æ —Å–æ–∑–¥–∞–ª –∏ –∑–∞ –µ–∂–µ–¥–Ω–µ–≤–Ω–æ–π —É—Ö–æ–¥ –ª—é–±–æ–µ –≤—Ä–µ–º—è –≥–æ–¥–∞! –° —É–≤–∞–∂–µ–Ω–∏–µ–º, –∫–∞–Ω–¥–∏–¥–∞—Ç —ç–∫–æ–Ω–æ–º–∏—á–µ—Å–∫–∏—Ö –Ω–∞—É–∫ –ê–º–∞–Ω–≥–µ–ª–¥—ã –ñ—É–º–∞—Ö–∞–Ω–æ–≤–∏—á –ú—É–∫–∞—Ö–∞–Ω–æ–≤"
1,"–û—Ç–ª–∏—á–Ω–æ–µ –º–µ—Å—Ç–æ –¥–ª—è –ø—Ä–æ–≥—É–ª–æ–∫ –∫–∞–∫ –≤ –∫–æ–º–ø–∞–Ω–∏–∏ –¥—Ä—É–≥–∞, —Å–æ–±–∞–∫–∏ –∏–ª–∏ –ø—Ä–æ–π—Ç–∏—Å—å –æ–¥–Ω–æ–º—É. –ù–∞ –ø—É—Ç–∏ –µ—Å—Ç—å –Ω–µ–±–æ–ª—å—à–∏–µ –∫–∞—Ñ–µ, –≥–¥–µ –º–æ–∂–Ω–æ –ø–æ—Å–∏–¥–µ—Ç—å –∏ –æ—Ç–¥–æ—Ö–Ω—É—Ç—å. –ï—Å—Ç—å –ø–ª–æ—â–∞–¥–∫–∞ –¥–ª—è –±–∞—Å–∫–µ—Ç–±–æ–ª–∞. –í—Å–µ –æ–±–æ—Ä—É–¥–æ–≤–∞–Ω–æ –¥–ª—è –ø—Ä–æ–≥—É–ª–æ–∫. –ú–∞—Ä—à—Ä—É—Ç –ª–µ–≥–∫–∏–π, –Ω–æ –≥–æ—Ä–∫–∞ –ø—Ä–∏—Å—É—Ç—Å—Ç–≤—É–µ—Ç. –¢—É–∞–ª–µ—Ç –µ—Å—Ç—å ü•∏"
1,"–®–∏–∫–∞—Ä–Ω–æ–µ –º–µ—Å—Ç–æ –¥–ª—è –ø—Ä–æ–≥—É–ª–æ–∫. –î–ª—è —É–µ–¥–∏–Ω–µ–Ω–∏—è. –î–ª—è —Å–ø–æ—Ä—Ç–∞. –î–ª—è —Å–µ–º—å–∏. –ü—Ä–æ–π–¥–∏—Ç–µ—Å—å –≤–¥–æ–ª—å —Ä–µ—á–∫–∏, –∏ –≤–∞–º –ø–æ–Ω—Ä–∞–≤–∏—Ç—Å—è!"
1,–ü—Ä–æ—Å—Ç–æ –∫—Ä–∞—Å–æ—Ç–∞! –ú–æ–∂–Ω–æ –Ω–∞ –ø–ª–æ—Ç–∏–Ω–µ –ª—é–±–æ–≤–∞—Ç—å—Å—è –∫—Ä–∞—Å–æ—Ç–æ—é. –•–æ—Ä–æ—à–µ–µ –º–µ—Å—Ç–æ –¥–ª—è –æ—Ç–¥—ã—Ö–∞! –°–æ–≤–µ—Ç—É—é. –ù–∞ 5 –∑–≤—ë–∑–¥ –æ—Ü–µ–Ω–∏–≤–∞—é.
1,"–û—Ç–ª–∏—á–Ω–æ–µ –º–µ—Å—Ç–æ –¥–ª—è –ø—Ä–æ–≥—É–ª–∫–∏. –ú–µ–Ω—è —Ä–∞–¥—É–µ—Ç —á—Ç–æ –≤ —ç—Ç–æ–º –≥–æ–¥—É –ø—Ä–∏–ª–µ—Ç–µ–ª–∏ –º–Ω–æ–≥–æ —É—Ç–æ–∫, –∑–Ω–∞—á–∏—Ç –≤—Å–µ –≤ –ø–æ—Ä—è–¥–∫–µ —Å —ç–∫–æ–ª–æ–≥–∏–µ–π."
1,"–≠—Ç–æ –ø–µ—à–µ—Ö–æ–¥–Ω–∞—è —Ç—Ä–æ–ø–∞, –æ–±–æ—Ä—É–¥–æ–≤–∞–Ω–Ω–∞—è —Å–∫–∞–º–µ–π–∫–∞–º–∏ –∏ –º–µ—Å—Ç–∞–º–∏ —Ä–∞–∑–≤–ª–µ—á–µ–Ω–∏—è –¥–ª—è –¥–µ—Ç–µ–π, –∫–∞—Ñ–µ—à–∫–∞–º–∏. –¢—Ä–æ–ø–∞ –æ—á–µ–Ω—å –ø—Ä–æ—Ç—è–∂–µ–Ω–Ω–∞—è, –∏ –∏–¥—ë—Ç –≤ –≥–æ—Ä—É, —Ç–æ –µ—Å—Ç—å –ø–æ—Ö–æ–¥–∏—Ç—å –µ—Å—Ç—å –≥–¥–µ –∏ —É—Å—Ç–∞—Ç—å —Ç–æ–∂–µ. –†—è–¥–æ–º —Ç–µ—á–µ—Ç —Ä—É—á–µ–π –Ω–∞ –≤—Å–µ–º –ø—Ä–æ—Ç—è–∂–µ–Ω–∏–∏ —Ç—Ä–æ–ø—ã."
1,"–î–ª—è –º–µ–Ω—è —ç—Ç–æ –º–µ—Å—Ç–æ –æ—Ç–∫—Ä—ã—Ç–∏–µ –≥–æ–¥–∞! –î–∞–∂–µ –Ω–µ –∑–Ω–∞–ª, —á—Ç–æ –≤ –ê–ª–º–∞—Ç–µ –µ—Å—Ç—å —Ç–∞–∫–æ–µ —Å–∫–∞–∑–æ—á–Ω–æ–µ –º–µ—Å—Ç–æ! –ì—É–ª—è–ª–∏ —Ç–∞–º –Ω–æ—á—å—é, —Ç–∞–∫ –∫–ª–∞—Å—Å–Ω–æ! –í–µ–∑–¥–µ –≤—Å—ë –æ—Å–≤–µ—â–∞–µ—Ç—Å—è, –º–Ω–æ–≥–æ –º–µ—Å—Ç –≥–¥–µ –º–æ–∂–Ω–æ –ø–æ—Å–∏–¥–µ—Ç—å, –æ—Ç–¥–æ—Ö–Ω—É—Ç—å, –ø–æ–¥—ã—à–∞—Ç—å —Å–≤–µ–∂–∏–º –≤–æ–∑–¥—É—Ö–æ–º. –û—Å–µ–Ω—å—é —Ç–∞–º –æ—á–µ–Ω—å –≤–æ–ª—à–µ–±–Ω–æ!"
1,"–¢—Ä–æ–ø–∞ –∑–¥–æ—Ä–æ–≤—å—è. –ü—Ä—è–º –æ—Å–æ–±–æ–π –∫—Ä–∞—Å–æ—Ç—ã –∏–ª–∏ –∫–∞–∫–∏—Ö —Ç–æ –¥–æ—Å—Ç–æ–ø—Ä–∏–º–µ—á–∞—Ç–µ–ª—å–Ω–æ—Å—Ç–µ–π –Ω–∞ –Ω–∞—à–ª–∞. –ò–¥–µ—à—å , –≤–æ–∫—Ä—É–≥ –∑–µ–ª–µ–Ω–æ , —Ä–µ–∫–∞ –≥–æ—Ä–Ω–∞—è. –ú–æ–∂–Ω–æ —Å–æ–π—Ç–∏ —Å –º–∞—Ä—à—Ä—É—Ç–∞ –≤ –ª—é–±–æ–µ –≤—Ä–µ–º—è –∏ –ø—Ä–∏—Å–æ–µ–¥–∏–Ω–∏—Ç—å—Å—è. –¢–∞–∫ –∫–∞–∫ –º–Ω–æ–≥–æ –≤—ã—Ö–æ–¥–æ–≤. –ü—Ä–æ–≥—É–ª—è–ª–∏—Å—å –Ω–µ–ø–ª–æ—Ö–æ. –ù–æ –≤—Ç–æ—Ä–æ–π —Ä–∞–∑ –Ω–µ –ø–æ—à–ª–∞ –±—ã."
1,"–ì—É–ª—è–ª–∞ –Ω–µ—Å–∫–æ–ª—å–∫–æ —á–∞—Å–æ–≤, —Ç–∞–∫ –ø–æ–Ω—Ä–∞–≤–∏–ª–æ—Å—å —á—Ç–æ –Ω–µ —Ö–æ—Ç–µ–ª–∞ —É–π—Ç–∏! –û–∑–µ—Ä–æ –æ—á–µ–Ω—å –∫–ª–∞—Å—Å–Ω–æ–µ –∏ —É—Ç–∫–∏ –µ—Å—Ç—å. –ú–Ω–µ –æ—á–µ–Ω—å –Ω—Ä–∞–≤–∏—Ç—Å—è –Ω–∞ –≤—ã—Ö–æ–¥–Ω—ã—Ö –≥—É–ª—è—Ç—å!"
1,"–•–æ—Ä–æ—à–µ–µ –º–µ—Å—Ç–æ –¥–ª—è –ø—Ä–æ–≥—É–ª–æ–∫. –ú–Ω–æ–≥–æ –ø–ª–æ—â–∞–¥–æ–∫, –µ—Å—Ç—å –≥–¥–µ –ø–æ—Å–∏–¥–µ—Ç—å –≤—ã–ø–∏—Ç—å –∫–æ—Ñ–µ –∏ –ø–µ—Ä–µ–∫—É—Å–∏—Ç—å"
1,"–ü–æ—Å—Ç–∞–≤–ª—é 5 –∑–≤—ë–∑–¥, —á–µ—Å—Ç–Ω–æ —Å–∫–∞–∂—É –Ω–∏ —Ä–∞–∑—É –Ω–µ –±—ã–ª, —Ö–æ—Ç—è –∫–æ—Ä–µ–Ω–æ–π –∞–ª–º–∞—Ç–∏–Ω–µ—Ü)) –Ω–∞–¥–æ –ø–æ—Å–µ—Ç–∏—Ç—å –∏ –æ—Å—Ç–∞–≤–ª—é –µ—â–µ –æ—Ç–∑—ã–≤ –æ–±—è–∑–∞—Ç–µ–ª—å–Ω–æ. –°–ª—É—Ö–∏ —Ö–æ–¥—è—Ç, —á—Ç–æ –æ—Å–µ–Ω—å—é –æ—á–µ–Ω—å —à–∏–∫–∞—Ä–Ω–æ —Ç–∞–º."
1,–û—á–µ–Ω—å –∂–∏–≤–æ–ø–∏—Å–Ω–æ–µ –º–µ—Å—Ç–æ –¥–ª—è –ª–µ—Ç–Ω–µ–π –ø—Ä–æ–≥—É–ª–∫–∏! –°–∏–º–ø–∞—Ç–∏—á–Ω—ã–µ –∫–∞—Ñ–µ –∏ –¥–µ—Ç—Å–∫–∏–µ –ø–ª–æ—â–∞–¥–∫–∏ –ò–∑ –º–∏–Ω—É—Å–æ–≤: - –≤—Å–µ–≥–æ 2 —Ç—É–∞–ª–µ—Ç–∞ (–≤ –Ω–∞—á–∞–ª–µ –∏ –≤ –∫–æ–Ω—Ü–µ) - –ø—Ä—É–¥ –≤ –∫–æ–Ω—Ü–µ –º–∞—Ä—à—Ä—É—Ç–∞ –±–µ–∑ –≤–æ–¥—ã(( –∞ –º—ã —Ö–æ—Ç–µ–ª–∏ –ø–æ–∫–æ—Ä–º–∏—Ç—å —É—Ç–æ—á–µ–∫
1,"–í—Å–µ –∑–∞–≤–∏—Å–∏—Ç –æ—Ç –ø–æ–≥–æ–¥—ã! –≠—Ç–æ —Ç–æ –º–µ—Å—Ç–æ –≥–¥–µ —Ö—Ä–∞–Ω–∏—Ç—Å—è —Ç–∞–π–Ω–∞ ,–≤—Å—Ç—Ä–µ—á–∏ –∏ —Ä–∞—Å—Å—Ç–∞–≤–∞–Ω–∏—è, –≤—Å–ø–ª–µ—Å–∫ –∏–¥–µ–π, —É–Ω—ã–Ω–∏–µ –∏ —Ç–æ—Å–∫–∞, –≤–µ—Å–µ–ª—å–µ –∏ –±–µ–∑–∑–∞–±–æ—Ç–Ω–∞—è —Ä–∞–¥–æ—Å—Ç—å. –î–∞ –ø—Ä–æ—Å—Ç–æ —Ö–æ—Ä–æ—à–µ–µ –º–µ—Å—Ç–æ –¥–ª—è –≤—Ä–µ–º—è–ø—Ä–æ–≤–µ–¥–µ–Ω–∏—è ."
1,"–ó–∞–¥—É–º–∫–∞ –∑–∞–º–µ—á–∞—Ç–µ–ª—å–Ω–∞—è, –Ω–æ... –ö–∞–∫ –≤—Å–µ–≥–¥–∞ —É –Ω–∞—Å, –Ω–∏—á–µ–≥–æ –Ω–µ –¥–æ–¥–µ–ª–∞–ª–∏! –ó–∞–∫–∞–Ω—á–∏–≤–∞–µ—Ç—Å—è –¥–æ—Ä–æ–≥–∞ –Ω–∏—á–µ–º... –î–æ –æ–∑–µ—Ä–∞ —Å —Ä–æ—Ç–æ–Ω–¥–æ–π –Ω—É–∂–Ω–æ –∏–¥—Ç–∏ –ø—Ä–æ—Å—Ç–æ –≤–¥–æ–ª—å —Ç—Ä–∞—Å—Å—ã –ø–æ —Ç—Ä–∞—Ç—É–∞—Ä—É"
1,–§—É–Ω–∫—Ü–∏–æ–Ω–∞–ª—å–Ω—ã–π –∏ –∫—Ä–∞—Å–∏–≤—ã–π –º–∞—Ä—à—Ä—É—Ç –¥–ª—è –ø—Ä–æ–≥—É–ª–æ–∫! –ù–∞ —Ç—Ä–æ–ø–µ –µ—Å—Ç—å —Ç—É–∞–ª–µ—Ç—ã –∏ —Ñ–æ–Ω—Ç–∞–Ω—á–∏–∫–∏ —Å –≤–æ–¥–æ–π!
1,"–û—Ç–ª–∏—á–Ω–æ–µ –º–µ—Å—Ç–æ –¥–ª—è –ø—Ä–æ–≥—É–ª–æ–∫,—Ä–æ–≤–Ω—ã–π –∞—Å—Ñ–∞–ª—å—Ç,–æ—Å–≤–µ—â–µ–Ω–∏–µ,–µ—Å—Ç—å —Ç—É—Ä–Ω–∏–∫–∏ –∏ –ø–∏—Ç—å–µ–≤—ã–µ —Ñ–æ–Ω—Ç–∞–Ω—á–∏–∫–∏,—Ç—É–∞–ª–µ—Ç—ã.–ò–∑ –º–∏–Ω—É—Å–æ–≤,—Å–∞–º–æ–∫–∞—Ç—á–∏–∫–∏ –≤–µ–ª–æ—Å–∏–ø–µ–¥–∏—Å—Ç—ã,—Å–æ–±–∞—á–Ω–∏–∫ –±–µ–∑ –ø–æ–≤–æ–¥–∫–æ–≤"
1,"–ö—Ä–∞—Å–∏–≤–æ–µ –º–µ—Å—Ç–æ –æ—Ç–¥—ã—Ö–∞,–∂–∞–ª—å —á—Ç–æ –º–∞–ª–æ —Å–∫–∞–º–µ–µ–∫,–≤–µ–¥—å –ø–æ –ê–ª–ª–µ–Ω–µ –ó–¥–æ—Ä–æ–≤—å—è —Ö–æ–¥—è—Ç –æ—á–µ–Ω—å –º–Ω–æ–≥–æ –ª—é–¥–µ–π –ø—Ä–µ–∫–ª–æ–Ω–Ω–æ–≥–æ –≤–æ–∑—Ä–∞—Å—Ç–∞"
1,–ü—Ä–∏—è—Ç–Ω—ã–π –ø—Ä–æ–≥—É–ª–æ—á–Ω—ã–π –º–∞—Ä—à—Ä—É—Ç –≤–¥–æ–ª—å —Ä–µ–∫–∏ –ú–∞–ª–∞—è –ê–ª–º–∞—Ç–∏–Ω–∫–∞. –ö—Ä–∞—Å–∏–≤–æ –≤ –ª—é–±–æ–µ –≤—Ä–µ–º—è –≥–æ–¥–∞.
1,"–û—á–µ–Ω—å —É–¥–æ–±–Ω–æ–µ –º–µ—Å—Ç–æ –¥–ª—è –ø—Ä–æ–≥—É–ª–æ–∫. –û—Ç–¥–µ–ª—å–Ω–∞—è –ø–µ—à–µ—Ö–æ–¥–Ω–∞—è –¥–æ—Ä–æ–≥–∞ –≤–∂–æ–ª—å —Ä–µ–∫–∏. –ï—Å—Ç—å —Å–∫–∞–º–µ–π–∫–∏ –¥–µ—Ç—Å–∫–∏–µ –∏ —Å–ø–æ—Ä—Ç–∏–≤–Ω—ã–µ –ø–ª–æ—â–∞–¥–∫–∏. –ß–∞—Å—Ç–æ –º–æ–∂–Ω–æ –≤–∏–¥–µ—Ç—å –≥–æ—Ä–æ–∂–∞–Ω –∑–∞–Ω–∏–º–∞—é—â–∏—Ö—Å—è –ø—Ä–æ–±–µ–∂–∫–∞–º–∏, –∏–ª–∏ —Å–∫–∞–Ω–¥–∏–Ω–∞–≤—Å–∫–æ–π —Ö–æ—Ç—å–±–æ–π. –í –æ–±–µ–¥–µ–Ω–Ω–æ–µ –≤—Ä–µ–º—è –º–Ω–æ–≥–æ –≥—É–ª—è—é—â–∏—Ö –∏–∑ —Ä–∞—Å–ø–æ–ª–æ–∂–µ–Ω–Ω—ã—Ö –≤–¥–æ–ª—å —Ç–µ—Ä–µ–Ω–∫—É—Ä–∞ –¥–µ–ª–æ–≤—ã—Ö —Ü–µ–Ω—Ç—Ä–æ–≤."
1,"–î–ª—è –ø—Ä–æ–≥—É–ª–æ–∫ –ª—É—á—à–µ –≤—ã–±–∏—Ä–∞—Ç—å –ª–µ—Ç–æ –∏ –æ—Å–µ–Ω—å, –±–ª–∏–∂–µ –∫ –∑–∏–º–µ –ø—Ä–æ—Ö–ª–∞–¥–Ω–æ –∏ –Ω–µ —Ç–∞–∫ –∂–∏–≤–æ–ø–∏—Å–Ω–æ. –í–∏–¥ –æ–±—ã—á–Ω—ã–π: —Ç—Ä–æ–ø–∏–Ω–∫–∞ –≤–¥–æ–ª—å —Ä–µ—á–∫–∏. –° –¥–µ—Ç—å–º–∏ –∫–∞–∫ —Ä–∞–∑ –º–æ–∂–Ω–æ –ø—Ä–æ–≥—É–ª—è—Ç—å—Å—è. –¢—É–∞–ª–µ—Ç–æ–≤ –≤–æ –≤—Ä–µ–º—è –¥–æ—Ä–æ–≥–∏ –Ω–∞–π–¥–µ–Ω–æ –Ω–µ –±—ã–ª–æ."
1,"–û–æ–æ–æ, —ç—Ç–æ –ª—é–±–æ–≤—å‚Ä¶. –û–±–æ–∂–∞—é –≥—É–ª—è—Ç—å –ø–æ —Ç–µ—Ä—Ä–µ–Ω–∫—É—Ä—É‚Ä¶.. —á–∞—Å—Ç–æ –ø–µ—à–∫–æ–º –∏–¥—É –¥–æ–º–æ–π –æ—Ç –æ–∑–µ—Ä–∞ –∏ –¥–æ –°–∞—Ç–ø–∞–µ–≤–∞"
1,"–û–∑–µ—Ä–æ –æ—á–µ–Ω—å –≥—Ä—è–∑–Ω–æ–µ –∏ –±–µ—Å–µ–¥–∫–∏ –≤–∞–Ω–¥–∞–ª—ã —Ä–∞–∑—Ä–∏—Å–æ–≤–∞–ª–∏ –∏ –Ω–µ–º–Ω–æ–≥–æ –ø–æ–¥–ø–æ—Ä—Ç–∏–ª–∏. –ù–∞—Ä–æ–¥ —É –Ω–∞—Å –Ω–µ—Ä—è—à–ª–∏–≤—ã–π, –ø–æ—Å–ª–µ —Å–µ–±—è –º—É—Å–æ—Ä –æ—Å—Ç–∞–≤–ª—è—é—Ç, –∞ —Ç–∞–∫ –≤–¥–æ–ª—å –∞–ª–ª–µ–∏ —Ä–µ—á–∫–∞ –∏ —Å–∫–∞–º–µ–π–∫–∏, –ø–æ—Å–∏–¥–µ—Ç—å, –ø–æ–¥—ã—à–∞—Ç—å –æ—á–µ–Ω—å –¥–∞–∂–µ üëç. –¢—É–∞–ª–µ—Ç—ã —á–∏—Å—Ç—ã–µ, –≤–æ–¥–∞, –±—É–º–∞–≥–∞ –≤—Å—ë –µ—Å—Ç—å. –ë–µ—Å–ø–ª–∞—Ç–Ω–æ. –ï—Å—Ç—å –∫–∞—Ñ–µ, –∫–æ—Ñ–µ–π–Ω—è, –∂–∏–≤–∞—è –º—É–∑—ã–∫–∞ —Ä–µ–±—è—Ç–∞ –æ—á–µ–Ω—å –∫–ª–∞—Å—Å–Ω–æ –ø–æ—é—Çü´∂üèª –ë—ã–ª–∞ –≤–ø–µ—Ä–≤—ã–µ. –û—á–µ–Ω—å –ø–æ–Ω—Ä–∞–≤–∏–ª–æ—Å—å, –≤ –∫–æ–ø–∏–ª–∫—É ‚ûï –æ–¥–Ω–æ –º–µ—Å—Ç–æ, —Ä–µ–∫–æ–º–µ–Ω–¥—É—é ‚ù§Ô∏è"
1,"–≠—Ç–æ —Å–∞–º–æ–µ –ª—é–±–∏–º–æ–µ –º–µ—Å—Ç–æ –≤ –≥–æ—Ä–æ–¥–µ, –ø—Ä–æ—à—É —Ç–æ–ª—å–∫–æ –Ω–µ –º–µ–Ω—è–π—Ç–µ –Ω–∏—á–µ–≥–æ, –Ω–µ –¥–æ–±–∞–≤–ª—è–π—Ç–µ —Ü–∏–≤–∏–ª–∏–∑–∞—Ü–∏–∏, —ç—Ç–æ –º–µ—Å—Ç–æ –¥–æ–ª–∂–Ω–æ –æ—Å—Ç–∞–≤–∞—Ç—å—Å—è —Ç–∞–∫–∏–º - –ø—Ä–∏—Ä–æ–¥–Ω—ã–º !"
1,–•–æ—Ä–æ—à–∞—è –º–µ—Å—Ç–æ –¥–ª—è –ø—Ä–æ–≥—É–ª–∫–∏. –°–≤–µ–∂–∏–π –≤–æ–∑–¥—É—Ö. –•–æ—Ä–æ—à–æ –±–ª–∞–≥–æ—É—Å—Ç—Ä–æ–∏–ª–∏ –¥–ª—è –ø—Ä–æ–≥—É–ª–∫–∏.
1,"–û–¥–Ω–æ –∏–∑ –ª—É—á—à–∏—Ö –º–µ—Å—Ç –¥–ª—è –ø—Ä–æ–≥—É–ª–∫–∏ –≤ –≥–æ—Ä–æ–¥–µ. –ü–æ–º–Ω—é –µ—â—ë —Å–≤–∞–ª–∫–æ–π, –∞ —Å–µ–π—á–∞—Å –ª—é–±–æ –¥–æ—Ä–æ–≥–æ –ø—Ä–æ–π—Ç–∏—Å—å. –û–±–∏–¥–Ω–æ, —á—Ç–æ –≤—Å–µ —Ä–µ–∫–∏ –≤ –≥–æ—Ä–æ–¥–µ —Ç–∞–∫ –Ω–µ –æ–±–ª–∞–≥–æ—Ä–æ–¥—è—Ç. –û—Å–æ–±–µ–Ω–Ω–æ –≤ –Ω–∏–∂–Ω–µ–π —á–∞—Å—Ç–∏ –≥–æ—Ä–æ–¥–∞. –í–æ—Ç –µ—Å–ª–∏ –±—ã –ø–æ –≤—Å–µ–π –¥–ª–∏–Ω–µ –Ω–∞—à–∏—Ö —Ä–µ—á–µ–∫ —Å–¥–µ–ª–∞—Ç—å —Ç–∞–∫–∏–µ –ø–µ—à–µ—Ö–æ–¥–Ω—ã–µ –∑–æ–Ω—ã, —Ç–æ –∏ –º–∞—à–∏–Ω –±—ã –ø–æ—É–º–µ–Ω—å—à–∏–ª–æ—Å—å... –•–æ—Ç–µ–ª–æ—Å—å –±—ã –≤–µ—Ä–∏—Ç—å... ü§£"
0,–°–ª–∏—à–∫–æ–º –º–Ω–æ–≥–æ –±–æ–≥–∞—Ç—ã—Ö –ª—é–¥–µ–π
0,–ö—Ç–æ –∑–Ω–∞–µ—Ç –µ—Å—Ç—å —Ç–∞–º —Ä—ã–±–∞ –∏ –º–æ–∂–Ω–æ –ª–∏ –ª–æ–≤–∏—Ç—å??
0,"Great location, terrible service from waiters, food did not arrive until after about 1 hr. Had to ask for knife and fork several times. Quality of food was poor."
0,–æ—á–µ–Ω—å –∫—Ä–∞—Å–∏–≤–æ üòª
0,–ß—Ç–æ –∑–∞ —É–∂–∞—Å–Ω—ã–π –∑–∞–ø–∞—Ö –Ω–∞–ø—Ä–æ—Ç–∏–≤ —Å–∞–¥–∏–∫–∞ ?
0,–£—Ç–æ—á–∫–∏. –°—Ç—Ä–∞–¥–∞—é—Ç. –ü–æ–º–æ–≥–∏—Ç–µ –∏–º.
0,"–ú–Ω–æ–≥–æ —Å–ª—ã—à–∞–ª–∞ –ø—Ä–æ –¢–µ—Ä—Ä–µ–Ω–∫—É—Ä , —Ä–µ—à–∏–ª–∞ –ø–æ—Å–µ—Ç–∏—Ç—å, –∏ –±—ã–ª–∞ –Ω–µ –≤ –≤–æ—Å—Ç–æ—Ä–≥–µ, —É–∂–∞—Å–Ω–æ –≥—Ä—è–∑–Ω–æ, –±–µ—Å–µ–¥–∫–∞ , –ø—Ä—É–¥ , –±–µ–¥–Ω—ã–µ —É—Ç–∫–∏ . –ù–µ—É–∂–µ–ª–∏ –Ω–∏–∫—Ç–æ –Ω–µ —Å–ª–µ–¥–∏—Ç –∑–∞ —á–∏—Å—Ç–æ—Ç–æ–π , –¥–ª—è —á–µ–≥–æ –≤–æ –∫—Ä—É–≥ –ø—Ä—É–¥–∞ —ç—Ç–∏ –±–µ—Å–µ–¥–∫–∏ ? –û–Ω–∏ –≤—Å–µ –∑–∞–∫—Ä—ã—Ç—ã, —ç—Ç–æ –ª–∞—Ä—å–∫–∏? –û–¥–Ω–æ –ø–æ–Ω—Ä–∞–≤–∏–ª–æ—Å—å —á—Ç–æ –µ—Å—Ç—å —Ç—É–∞–ª–µ—Ç- –±–µ—Å–ø–ª–∞—Ç–Ω—ã–π! –•–æ—Ä–æ—à–∞—è —Ç—Ä–æ–ø–∞ –≤–¥–æ–ª—å –≤–æ–¥—ã , –∫—Ä–∞—Å–∏–≤–æüëçüèª"
0,"–°–õ–£–®–ê–ô–¢–ï –ê–ö–ò–ú–ê–¢ –ú–ï–î–ï–£–°–ö–û–ì–û –†–ê–ô–û–ù–ê –≠–ö–û–ù–û–ú–ò–¢ –ù–ê –§–û–ù–ê–†–Ø–• ,–ù–ï –í–û–ó–ú–û–ñ–ù–û –ü–û–°–õ–ï 19.00 –ü–†–û–ô–¢–ò–°–¨ –¢–ê–ú –ò–ó –ó–ê –¢–û–ì–û –ß–¢–û –§–û–ù–ê–†–ò –ù–ï –ì–û–†–Ø–¢ –ò –¢–ï–ú–ï–ù–¨,–ê–õ–ö–ê–®–ï–ô –û–ß–ï–ù–¨ –ú–ù–û–ì–û –°–¢–ê–õ–û,–ò –ö–ê–ß–ï–õ–ò –í–°–ï –°–õ–û–ú–ê–ù–ù–´–ï,–¶–ï–ù–¢–† –ì–û–†–û–î–ê –ú–ï–î–ï–£–°–ö–ò–ô –†–ê–ô–û–ù –í–°–ï–†–ê–í–ù–û –ê–ö–ò–ú–ê–¢ –ù–ï –†–ê–ë–û–¢–ê–ï–¢"
0,"–°–ø–ª–æ—à–Ω—ã–µ –º–∞—à–∏–Ω—ã, –≤–µ–ª–æ—Å–∏–ø–µ–¥—ã –∏ —Å–∫—É—Ç–µ—Ä—ã, —Å–ø–æ–∫–æ–π–Ω–æ —Å –∫–æ–ª—è—Å–∫–æ–π –Ω–µ –ø–æ–≥—É–ª—è—Ç—å, –∞ –∏–Ω–∞—á–µ –∫–∞–∫ –ø–æ –ø–µ—à–µ—Ö–æ–¥–Ω–æ–π –¥–æ—Ä–æ–≥–µ –∫ –¥–æ–º–∞–º –∏ –∫–∞—Ñ–µ –º–∞—à–∏–Ω–∞–º –Ω–µ –ø—Ä–æ–µ—Ö–∞—Ç—å."
0,"–î–æ –∫–∞—Ä–∞–Ω—Ç–∏–Ω–∞ –∏ –¥–æ –†–ï–ö–õ–ê–ú–´ —Ç–µ—Ä—Ä–µ–Ω–∫—É—Ä–∞ –≤—Å–µ–º –ø–æ–¥—Ä—è–¥ –≥–¥–µ —Ç–æ–ª—å–∫–æ –º–æ–∂–Ω–æ –∏ –Ω–µ–ª—å–∑—è, –∑–¥–µ—Å—å –±—ã–ª–æ –≤–µ–ª–∏–∫–æ–ª–µ–ø–Ω–æ. –ü–æ—Å–ª–µ-–º—É—Ä–∞–≤–µ–π–Ω–∏–∫! –ì–æ—Å–ø–æ–¥–∏,—É–±–µ—Ä–∏—Ç–µ –∑–Ω–∞–∫ —á—Ç–æ –≤–µ–ª–æ—Å–∏–ø–µ–¥–∞–º –Ω–µ–ª—å–∑—è,—Ä–∞–Ω—å—à–µ —Ç–∞–∫–æ–≥–æ –Ω–µ –±—ã–ª–æ. üò§üò§üò§ –¢–æ–≥–¥–∞ —É–∂ –≤–µ–ª–æ–¥–æ—Ä–æ–∂–∫–∏ —Å—Ç—Ä–æ–π—Ç–µ!!!"
0,"–ñ–∏–≤—É –∑–¥–µ—Å—å –æ—á–µ–Ω—å –¥–∞–≤–Ω–æ, –¥–æ —Ä–µ–∫–æ–Ω—Å—Ç—Ä—É–∫—Ü–∏–∏ —Ç–∞–∫ –∫–ª–∞—Å—Å–Ω–æ –±—ã–ª–æ, –Ω–∞ –≤–µ–ª–æ—Å–∏–ø–µ–¥–∞—Ö –º–æ–∂–Ω–æ –±—ã–ª–æ –µ–∑–¥–∏—Ç—å üò† –Ω–∞ –ª–µ–Ω–∏–Ω–∞ –µ–¥–µ—à—å-–ª—é–¥–∏, –Ω–∞ —Ç–µ—Ä—Ä–µ–Ω–∫—É—Ä–µ –ª—é–¥–µ–π –æ—á–µ–Ω—å –º–Ω–æ–≥–æ —Ç–æ–∂–µ, —Ç–∞–∫ –µ—â–µ –∏ –∑–∞–ø—Ä–µ—Ç, –≤ –æ–¥–Ω–æ–º –º–µ—Å—Ç–µ –º–æ–∂–Ω–æ —Ö–æ–¥–∏—Ç—å –∏–ª–∏ –Ω–µ—Ç???! —É–±–µ—Ä–∏—Ç–µ –∑–Ω–∞–∫–∏ –∏–ª–∏ —Å–¥–µ–ª–∞–π—Ç–µ –≤–µ–ª–æ–¥–æ—Ä–æ–∂–∫–∏ !"
0,–ö–∞–∫–∏–º-—Ç–æ —Ç—É–ø—ã–º –±–∞—Ä–∞–Ω–∞–º —Å –∞–∫–∏–º–∞—Ç–∞ –ø—Ä–∏—à–ª–æ –≤ –≥–æ–ª–æ–≤—É –∑–∞–ø—Ä–µ—Ç–∏—Ç—å –≤–µ–ª–æ—Å–∏–ø–µ–¥—ã –Ω–∞ —Ç–µ—Ä—Ä–µ–Ω–∫—É—Ä–µ –ø–æ—Å–ª–µ —Ä–µ–∫–æ–Ω—Å—Ç—Ä—É–∫—Ü–∏–∏. –ù—É –∏ –∑–∞—á–µ–º –Ω—É–∂–Ω–∞ —Ç–∞–∫–∞—è —Ä–µ–∫–æ–Ω—Å—Ç—Ä—É–∫—Ü–∏—è?!
0,"–û—Å–≤–µ—â–µ–Ω–∏—è –Ω–µ—Ç, —Ç–µ–º–Ω–æ, –Ω–µ–ø–æ–Ω—è—Ç–Ω–æ –≥–¥–µ –≤—Ö–æ–¥ –≥–¥–µ –≤—ã—Ö–æ–¥, –ª—é–¥–∏ –ø—Ä–∏–µ–∑–∂–∞—é—Ç –∏ –≤ —Ç–µ–º–Ω–æ—Ç–µ –∏—â—É—Ç –≤—Ö–æ–¥, –≤ —Ç–∞–∫–æ–π —Ç–µ–º–Ω–æ—Ç–µ —Ç–∞–º –≤ –ª–µ—Å—É –æ–ø–∞—Å–Ω–æ. –ù–µ—Ç —Ç—É–∞–ª–µ—Ç–æ–≤, –æ–ø–æ–∑–Ω–∞–≤–∞—Ç–µ–ª—å–Ω—ã—Ö –∑–Ω–∞–∫–æ–≤, –ø–æ—Å—Ç–∞ –ø–æ–ª–∏—Ü–∏–∏. –ü–æ—á–µ–º—É –Ω–µ —Å—Ç—Ä–æ—è—Ç –±–∏–æ—Ç—É–∞–ª–µ—Ç—ã? –£—Ä–Ω—ã –≤—Å–µ –∑–∞–±–∏—Ç—ã –º—É—Å–æ—Ä–æ–º"
0,"–í–µ—á–µ—Ä–æ–º —Ç–µ–º–Ω–æ –∏ –Ω–∏—á–µ–≥–æ –Ω–µ –≤–∏–¥–Ω–æ, –ø–æ—á–µ–º—É –±—ã –Ω–µ —É—Å—Ç–∞–Ω–æ–≤–∏—Ç—å —Ñ–æ–Ω–∞—Ä–∏. –°–∫–∞–º–µ–µ–∫ –ø—Ä–∞–∫—Ç–∏—á–µ—Å–∫–∏ –Ω–µ—Ç. –ì—Ä—è–∑–Ω–æ."
0,–¢—É–∞–ª–µ—Ç —Ç–∞–±–∞ –∞–ª–º–∞–π “õ–∏–Ω–∞–ª–¥—ã“õ
0,"–í—Å–µ –ø–µ—Ä–µ–∫–æ–ø–∞–Ω–æ, —Å–Ω–∏–∑—É –≤–≤–µ—Ä—Ö –∏–¥—Ç–∏ –Ω–∏–∫–∞–∫–æ–≥–æ –∫–∞–π—Ñ–∞, –¥–æ—Ä–æ–≥–∞ —Ä–∞–∑–±–∏—Ç–∞. –ù–µ –ø–æ–Ω–∏–º–∞—é –≤—Å–µ–æ–±—â–µ–≥–æ –ª–∏–∫–æ–≤–∞–Ω–∏—è –æ—Ç —ç—Ç–æ–≥–æ –º–µ—Å—Ç–∞!"
0,"–î–µ–π—Å—Ç–≤–∏—Ç–µ–ª—å–Ω–æ, –º–µ—Å—Ç–æ –∫—Ä–∞—Å–∏–≤–æ–µ, –Ω–æ –∑–∞–ø–∞—Ö —Å–∞–¥–∏–∫–∞ –ø–æ—Ä—Ç–∏—Ç –≤—Å—ë –≤–ø–µ—á–∞—Ç–ª–µ–Ω–∏–µ."
0,"–í–æ–∫—Ä—É–≥ —Å–∞–¥–∏–∫–∞ —Å–ª–∏—à–∫–æ–º –º–Ω–æ–≥–æ –º—É—Å–æ—Ä–∞, –∞ —É—Ç–∫–∏ –≤—ã–≥–ª—è–¥—è—Ç –Ω–∞—Å—Ç–æ–ª—å–∫–æ –∑–∞–ø—É—â–µ–Ω–Ω—ã–º–∏, —á—Ç–æ —Ö–æ—á–µ—Ç—Å—è –∏–º –ø–æ–º–æ—á—å."
0,"–°–ª—ã—à–∞–ª –º–Ω–æ–≥–æ —Ö–æ—Ä–æ—à–∏—Ö –æ—Ç–∑—ã–≤–æ–≤ –æ –¢–µ—Ä—Ä–µ–Ω–∫—É—Ä–µ, –Ω–æ —Ä–∞–∑–æ—á–∞—Ä–æ–≤–∞–ª—Å—è. –ì—Ä—è–∑–Ω–æ, —É—Ç–∫–∏ –∂–∏–≤—É—Ç –≤ –Ω–µ–ø—Ä–µ–∑–µ–Ω—Ç–∞–±–µ–ª—å–Ω—ã—Ö —É—Å–ª–æ–≤–∏—è—Ö, –±–µ—Å–µ–¥—ã –≤–æ–∫—Ä—É–≥ –ø—Ä—É–¥–∞ –≤—ã–≥–ª—è–¥—è—Ç –∑–∞–±—Ä–æ—à–µ–Ω–Ω—ã–º–∏."
0,"–í–æ–∫—Ä—É–≥ —Å–ª–∏—à–∫–æ–º –º–Ω–æ–≥–æ —Ç—Ä–∞–Ω—Å–ø–æ—Ä—Ç–∞, –Ω–µ—Å–ø–æ–∫–æ–π–Ω–æ –≥—É–ª—è—Ç—å —Å –∫–æ–ª—è—Å–∫–æ–π, –≤—Å–µ –≤—Ä–µ–º—è –ø—Ä–∏—Ö–æ–¥–∏—Ç—Å—è —É—Å—Ç—É–ø–∞—Ç—å –¥–æ—Ä–æ–≥—É –º–∞—à–∏–Ω–∞–º –∏ –≤–µ–ª–æ—Å–∏–ø–µ–¥–∞–º."
0,"–î–ª—è —Ä–µ–∫–ª–∞–º—ã –∏ –∑–∞–∫–ª—é—á–µ–Ω–∏—è –¢–µ—Ä—Ä–µ–Ω–∫—É—Ä –Ω–∞—á–∞–ª –¥–≤–∏–∂–µ–Ω–∏–µ, –Ω–æ —Ç–µ–ø–µ—Ä—å –∑–¥–µ—Å—å —Å–ø–ª–æ—à–Ω–æ–π —Ö–∞–æ—Å –∏–∑-–∑–∞ –∑–∞–ø—Ä–µ—Ç–æ–≤ –Ω–∞ –≤–µ–ª–æ—Å–∏–ø–µ–¥—ã."
0,"–ù–µ—Ç –æ—Å–≤–µ—â–µ–Ω–∏—è, —Ç–µ–º–Ω–æ –∏ –Ω–µ—É–¥–æ–±–Ω–æ –æ—Ä–∏–µ–Ω—Ç–∏—Ä–æ–≤–∞—Ç—å—Å—è. –ù–µ—Ç —Ç—É–∞–ª–µ—Ç–æ–≤ –∏ –ø–æ—Å—Ç–æ–≤ –ø–æ–ª–∏—Ü–∏–∏. –ì–¥–µ –±–µ–∑–æ–ø–∞—Å–Ω–æ—Å—Ç—å?"
0,"–ù—É–∂–Ω–æ —É—Å—Ç–∞–Ω–æ–≤–∏—Ç—å —Ñ–æ–Ω–∞—Ä–∏–∫–∏, —á—Ç–æ–±—ã –≤–µ—á–µ—Ä–æ–º –±—ã–ª–æ –≤–∏–¥–Ω–æ –∏ —á—É–≤—Å—Ç–≤–æ–≤–∞–ª–∏ —Å–µ–±—è –±–µ–∑–æ–ø–∞—Å–Ω–µ–µ. –°–∫–∞–º–µ–µ–∫ –ø–æ—á—Ç–∏ –Ω–µ—Ç, –∞ —É—Ä–Ω–∞ –∑–∞–±–∏—Ç–∞ –º—É—Å–æ—Ä–æ–º."
0,"–¢—É–∞–ª–µ—Ç –≤ –¢–∞–±–∞ –ê–ª–º–∞–µ –Ω–∞—Ö–æ–¥–∏—Ç—Å—è –≤ –ø–ª–∞—á–µ–≤–Ω–æ–º —Å–æ—Å—Ç–æ—è–Ω–∏–∏, —ç—Ç–æ –ø—Ä–æ—Å—Ç–æ –∫–æ—à–º–∞—Ä."
0,"–í–µ—Å—å –¢–µ—Ä—Ä–µ–Ω–∫—É—Ä –ø–µ—Ä–µ–∫–æ–ø–∞–Ω, –ø–æ—Å—Ç–æ—è–Ω–Ω—ã–µ –ø–æ—Å—Ç—Ä–æ–π–∫–∏ –ø–æ—Ä—Ç—è—Ç –≤—Å—é –∞—Ç–º–æ—Å—Ñ–µ—Ä—É –º–µ—Å—Ç–∞."
0,"–ù–µ–ø–æ–Ω—è—Ç–Ω–æ –∑–∞—á–µ–º, –∫–æ–Ω—Ñ–µ—Ä–µ–Ω—Ü–∏—é —Ä–µ–∫–æ–Ω—Å—Ç—Ä—É–∫—Ü–∏—é, –µ—Å–ª–∏ —Ä–µ–∑—É–ª—å—Ç–∞—Ç —Ç–∞–∫–æ–π –ø–µ—á–∞–ª—å–Ω—ã–π. –†–∞–Ω—å—à–µ –±—ã–ª–æ –Ω–∞–º–Ω–æ–≥–æ –ª—É—á—à–µ!"
0,"–õ–µ—Ç–æ–º –∑–¥–µ—Å—å –Ω–µ–≤—ã–Ω–æ—Å–∏–º–æ –∂–∞—Ä–∫–æ –∏–∑-–∑–∞ —Å–º–µ–Ω—ã —Ç–µ–Ω–µ–π –∏ –∑–µ–ª–µ–Ω–∏, –∞ –≤–æ–¥–∞ –≤ –ø—Ä—É–¥–∞—Ö –≤—ã–≥–ª—è–¥–∏—Ç –ø–æ–¥–æ–∑—Ä–∏—Ç–µ–ª—å–Ω–æ."
0,"–û—Ç—Å—É—Ç—Å—Ç–≤–∏–µ –∞–¥–µ–∫–≤–∞—Ç–Ω–æ–π —Å–∏—Å—Ç–µ–º—ã —É–ø—Ä–∞–≤–ª–µ–Ω–∏—è –º—É—Å–æ—Ä–æ–º –ø—Ä–∏–≤–æ–¥–∏—Ç –∫ —Ç–æ–º—É, —á—Ç–æ –º—É—Å–æ—Ä —Ä–∞–∑–±—Ä–æ—Å–∞–Ω –ø–æ –≤—Å–µ–º—É –º–∏—Ä—É, –∑–∞—á–µ–º –≤–æ–æ–±—â–µ —Ä–µ–∫–æ–Ω—Å—Ç—Ä—É–∏—Ä–æ–≤–∞–ª–∏ —ç—Ç–æ –º–µ—Å—Ç–æ?"
0,"–ù–µ —Ö–≤–∞—Ç–∞–µ—Ç –∏–Ω—Ñ–æ—Ä–º–∞—Ü–∏–æ–Ω–Ω—ã—Ö —É–∫–∞–∑–∞—Ç–µ–ª–µ–π, —á–∞—Å—Ç–æ —Ç–µ—Ä—è–µ—à—å—Å—è –∏ –Ω–µ –º–æ–∂–µ—à—å –Ω–∞–π—Ç–∏ –Ω—É–∂–Ω—ã–π –≤—ã—Ö–æ–¥."
0,"–î–æ—Ä–æ–∂–Ω–æ–µ –ø–æ–∫—Ä—ã—Ç–∏–µ –≤ —É–∂–∞—Å–Ω–æ–º —Å–æ—Å—Ç–æ—è–Ω–∏–∏, –æ–ø–∞—Å–Ω–æ —Ö–æ–¥–∏—Ç—å –∏ –∫–∞—Ç–∞—Ç—å—Å—è –Ω–∞ –≤–µ–ª–æ—Å–∏–ø–µ–¥–∞—Ö –∏–∑-–∑–∞ –ø—Ä–æ–±–ª–µ–º –∏ –Ω–∞—Ä—É—à–µ–Ω–∏–π."
0,"–ù–µ–æ–±—Ö–æ–¥–∏–º–æ —É–ª—É—á—à–∏—Ç—å –æ–±—â–µ—Å—Ç–≤–µ–Ω–Ω—ã–π —Ç—Ä–∞–Ω—Å–ø–æ—Ä—Ç –≤ —ç—Ç–æ–º –º–µ—Å—Ç–µ, —á—Ç–æ–±—ã —Å–¥–µ–ª–∞—Ç—å –µ–≥–æ –±–æ–ª–µ–µ –¥–æ—Å—Ç—É–ø–Ω—ã–º –¥–ª—è –≤—Å–µ—Ö."
0,–ü–æ—Å—Ç–æ—è–Ω–Ω—ã–µ —Ä–∞–±–æ—Ç—ã —Å —ç–ª–µ–∫—Ç—Ä–∏—á–µ—Å—Ç–≤–æ–º –ø—Ä–∏–≤–æ–¥—è—Ç –∫ –Ω–µ—É–¥–æ–±—Å—Ç–≤–∞–º –∏ –æ—â—É—â–µ–Ω–∏—é –Ω–µ—Å—Ç–∞–±–∏–ª—å–Ω–æ—Å—Ç–∏.
0,"–í–æ–¥–∞ –≤ –ø—Ä—É–¥–∞—Ö –≤—ã–≥–ª—è–¥–∏—Ç –∑–∞–≥—Ä—è–∑–Ω–µ–Ω–Ω–æ–π, –∑–∞–ø–∞—Ö–∏ –∏–∑ –∫–∞–Ω–∞–ª–∏–∑–∞—Ü–∏–∏ –æ—Ç–≤—Ä–∞—Ç–∏—Ç–µ–ª—å–Ω—ã–µ."
0,"–û–±—â–µ—Å—Ç–≤–µ–Ω–Ω—ã–µ —Ç—É–∞–ª–µ—Ç—ã –≤ —É–∂–∞—Å–Ω–æ–º —Å–æ—Å—Ç–æ—è–Ω–∏–∏, –ª—É—á—à–µ –∏—Ö –≤–æ–æ–±—â–µ –∑–∞–∫—Ä—ã—Ç—å, —á–µ–º –¥–æ–ø—É—Å–∫–∞—Ç—å –ª—é–¥–µ–π –≤ —Ç–∞–∫–∏—Ö —É—Å–ª–æ–≤–∏—è—Ö."
0,–í –∫–æ–Ω—Ç–µ–π–Ω–µ—Ä–µ –Ω–µ —Ö–≤–∞—Ç–∞–µ—Ç –º—É—Å–æ—Ä–∞
0,"–ú–µ—Å—Ç–æ –Ω–∞–ø–æ–ª–Ω–µ–Ω–æ —à—É–º–æ–º –∏ —Å—É–µ—Ç–æ–π, –Ω–µ–≤–æ–∑–º–æ–∂–Ω–æ –Ω–∞–π—Ç–∏ —É–µ–¥–∏–Ω–µ–Ω–Ω–æ–µ –º–µ—Å—Ç–æ –¥–ª—è –æ—Ç–¥—ã—Ö–∞."
0,"–ú–µ—Å—Ç –¥–ª—è –ø–∞—Ä–∫–æ–≤–∫–∏ –Ω–µ–¥–æ—Å—Ç–∞—Ç–æ—á–Ω–æ, –ø—Ä–∏—Ö–æ–¥–∏—Ç—Å—è —Ç—Ä–∞—Ç–∏—Ç—å –º–Ω–æ–≥–æ –≤—Ä–µ–º–µ–Ω–∏ –Ω–∞ –ø–æ–∏—Å–∫ –º–µ—Å—Ç–∞ –¥–ª—è –∞–≤—Ç–æ–º–æ–±–∏–ª—è."
0,"–ó–æ–Ω–∞ –æ—á–µ–Ω—å –∑–∞–≥—Ä—è–∑–Ω–µ–Ω–∞, –º—É—Å–æ—Ä –∏ –æ–∫—Ä—É–∂–∞—é—â–∞—è –≥—Ä—è–∑—å —Å–æ–∑–¥–∞—é—Ç –≤–ø–µ—á–∞—Ç–ª–µ–Ω–∏–µ –∑–∞–ø—É—â–µ–Ω–Ω–æ—Å—Ç–∏"
0,–û–±—Å—Ç–∞–Ω–æ–≤–∫–∞ —Å—Ç–∞–Ω–æ–≤–∏—Ç—Å—è –≤—Å–µ –±–æ–ª–µ–µ —Ç—Ä–µ–≤–æ–∂–Ω–æ–π –∏–∑-–∑–∞ –Ω–µ—Ö–≤–∞—Ç–∫–∏ –º–µ—Å—Ç –∏ –ø–µ—Ä–µ–Ω–∞—Å–µ–ª–µ–Ω–Ω–æ—Å—Ç–∏.
0,–ù–µ—Ç –Ω–∏–∫–∞–∫–æ–π –≤–æ–∑–º–æ–∂–Ω–æ—Å—Ç–∏ —Å–ø–æ–∫–æ–π–Ω–æ –ø–æ–≥—É–ª—è—Ç—å —Å –¥–µ—Ç—å–º–∏
0,–ù–µ–≤–æ–∑–º–æ–∂–Ω–æ –Ω–∞–π—Ç–∏ —á–∏—Å—Ç—ã–π –∏ –ø—Ä–∏–≥–æ–¥–Ω—ã–π –¥–ª—è –∏—Å–ø–æ–ª—å–∑–æ–≤–∞–Ω–∏—è —Ç—É–∞–ª–µ—Ç.
0,–¶–µ–Ω—ã –Ω–∞ —É—Å–ª—É–≥–∏ –∑–¥–µ—Å—å –Ω–µ–ø–æ–º–µ—Ä–Ω–æ –∑–∞–≤—ã—à–µ–Ω—ã
0,"–ü–æ—Å—Ç–æ—è–Ω–Ω—ã–µ –ø—Ä–æ–±–ª–µ–º—ã —Å–æ —Å–≤—è–∑—å—é –∏ —Å–≤—è–∑—å—é, —Ç—Ä—É–¥–Ω–æ –æ—Å—Ç–∞–≤–∞—Ç—å—Å—è –Ω–∞ —Å–≤—è–∑–∏ –≤ —ç—Ç–æ–º –º–µ—Å—Ç–µ."
0,–û—Ç—Å—É—Ç—Å—Ç–≤–∏–µ –æ—Ö—Ä–∞–Ω—ã –∏ –º–µ—Ç–æ–¥–æ–≤ –∫–æ–Ω—Ç—Ä–æ–ª—è
1,–•–æ—Ä–æ—à–µ–µ –º–µ—Å—Ç–æ –¥–ª—è –ø—Ä–æ–≥—É–ª–æ–∫ –≤ –ª–µ—Ç–Ω–µ–µ –≤—Ä–µ–º—è
1,–û—Ç –æ–∑–µ—Ä–∞ —Ç–æ–ª—å–∫–æ –±–æ–ª–æ—Ç–æ –æ—Å—Ç–∞–ª–æ—Å—å! –ê —Ç–∞–∫ –∫–ª–∞—Å—Å–Ω–æ
1,–ö–ª–∞—Å—Å–Ω–æ–µ –º–µ—Å—Ç–æ
1,–ö—Ä–∞—Å–∏–≤–æ–µ –º–µ—Å—Ç–æ –¥–ª—è –ø—Ä–æ–≥—É–ª–æ–∫ –≤—Å–µ–π —Å–µ–º—å–µ–π.
1,–û—Ç–ª–∏—á–Ω—ã–π –º–∞—Ä—à—Ä—É—Ç –¥–ª—è –ø—Ä–æ–≥—É–ª–∫–∏
1,–°—É–ø–µ—Ä –º–µ—Å—Ç–æ –¥–ª—è –ø—Ä–æ–≥—É–ª–æ–∫
1,"–ö—Ä–∞—Å–∏–≤–æ, –≤–æ–∑–¥—É—Ö –±—É–¥—Ç–æ –ª—É—á—à–µ, —Ö–æ—á–µ—Ç—Å—è –≥—É–ª—è—Ç—å –∏ –æ—Ç–¥—ã—Ö–∞—Ç—å –æ—Ç —Å—É–µ—Ç—ã"
1,"–û—Ç–ª–∏—á–Ω–æ–µ –º–µ—Å—Ç–æ –¥–ª—è –ø—Ä–æ–≥—É–ª–∫–∏. –ú–µ–Ω—è —Ä–∞–¥—É–µ—Ç —á—Ç–æ –≤ —ç—Ç–æ–º –≥–æ–¥—É –ø—Ä–∏–ª–µ—Ç–µ–ª–∏ –º–Ω–æ–≥–æ —É—Ç–æ–∫, –∑–Ω–∞—á–∏—Ç –≤—Å–µ –≤ –ø–æ—Ä—è–¥–∫–µ —Å —ç–∫–æ–ª–æ–≥–∏–µ–π."
1,–§—É–Ω–∫—Ü–∏–æ–Ω–∞–ª—å–Ω—ã–π –∏ –∫—Ä–∞—Å–∏–≤—ã–π –º–∞—Ä—à—Ä—É—Ç –¥–ª—è –ø—Ä–æ–≥—É–ª–æ–∫! –ù–∞ —Ç—Ä–æ–ø–µ –µ—Å—Ç—å —Ç—É–∞–ª–µ—Ç—ã –∏ —Ñ–æ–Ω—Ç–∞–Ω—á–∏–∫–∏ —Å –≤–æ–¥–æ–π!
1,–ö—Ä–∞—Å–∏–≤–æ–µ –º–µ—Å—Ç–æ
1,"–≠—Ç–æ —Å–∞–º–æ–µ –ª—é–±–∏–º–æ–µ –º–µ—Å—Ç–æ –≤ –≥–æ—Ä–æ–¥–µ, –ø—Ä–æ—à—É —Ç–æ–ª—å–∫–æ –Ω–µ –º–µ–Ω—è–π—Ç–µ –Ω–∏—á–µ–≥–æ, –Ω–µ –¥–æ–±–∞–≤–ª—è–π—Ç–µ —Ü–∏–≤–∏–ª–∏–∑–∞—Ü–∏–∏, —ç—Ç–æ –º–µ—Å—Ç–æ –¥–æ–ª–∂–Ω–æ –æ—Å—Ç–∞–≤–∞—Ç—å—Å—è —Ç–∞–∫–∏–º - –ø—Ä–∏—Ä–æ–¥–Ω—ã–º !"
1,–•–æ—Ä–æ—à–∏–π –ø–∞—Ä–∫
1,–ó–∞–º–µ—á–∞—Ç–µ–ª—å–Ω–æ–µ –º–µ—Å—Ç–æ –¥–ª—è –ø—Ä–æ–≥—É–ª–æ–∫
1,–û—Ç–ª–∏—á–Ω–æ–µ –º–µ—Å—Ç–æ –¥–ª—è –ø—Ä–æ–≥—É–ª–∫–∏. –° —Å–∞–º–æ–≥–æ –Ω–∏–∑–∞ –¥–æ –≤–µ—Ä—Ö–∞ –∏ –æ–±—Ä–∞—Ç–Ω–æ 9 –∫–º. –§–æ—Ç–æ –ø—Ä–æ—Å—Ç–æ —à–∏–∫–∞—Ä–Ω—ã–µ. –û—á–µ–Ω—å –º–Ω–æ–≥–æ —Å–ø–æ—Ä—Ç—Å–º–µ–Ω–æ–≤. –ï—Å—Ç—å –ø–æ –¥–æ—Ä–æ–≥–µ —Ç—É–∞–ª–µ—Ç—ã –∏ –ø–∏—Ç—å–µ–≤–∞—è –≤–æ–¥–∞. –¢–∞–∫–∂–µ –µ—Å—Ç—å –º–µ—Å—Ç–∞ –≥–¥–µ –º–æ–∂–Ω–æ –ø–æ—Å–∏–¥–µ—Ç—å –ø–æ–ø–∏—Ç—å –∫–æ—Ñ–µ –∏ –ø–æ–∫—É—à–∞—Ç—å
1,–ö–ª–∞—Å—Å–Ω–æ–µ –º–µ—Å—Ç–æ –¥–ª—è –ø—Ä–æ–≥—É–ª–æ–∫ –∏ –∑–∞–Ω—è—Ç–∏—è —Å–ø–æ—Ä—Ç–æ–º.
1,–ë–ª–∞–≥–æ—É—Å—Ç—Ä–æ–π
1,"–û—á–µ–Ω—å –∞—Ç–º–æ—Å—Ñ–µ—Ä–Ω–∞—è –ø–µ—à–∞—è —Ç—Ä–æ–ø–∞. –ö–∞—Ñ–µ—à–∫–∏, –∫–æ—Ñ–µ–π–Ω–∏, –ø—É—Ñ–∏–∫–∏-–≥—Ä—É—à–∏ –ø—Ä—è–º–æ —É —Ä–µ—á–∫–∏! –õ–µ—Ç–æ–º –∑–¥–µ—Å—å –Ω–∞–≤–µ—Ä–Ω–æ–µ —Ç–æ–∂–µ —á—É–¥–µ—Å–Ω–æ, –Ω–æ –º—ã –≥—É–ª—è–ª–∏ üçÇ –æ—Å–µ–Ω—å—é. –ö—Ä–∞—Å–æ—Ç–∞!!! –î–µ—Ç—Å–∫–∏–µ –ø–ª–æ—â–∞–¥–∫–∏, –∫–∞—á–µ–ª–∏ –∏ –∫–æ–Ω–µ—á–Ω–æ –º–µ—Å—Ç–∞ –¥–ª—è —Ñ–æ—Ç–æ"
1,–û—Ç–ª–∏—á–Ω–æ–µ –º–µ—Å—Ç–æ –¥–ª—è –ø—Ä–æ–≥—É–ª–æ–∫. —á–∏—Å—Ç–æ –ª—é–¥–∏ —Ö–æ–¥—è—Ç –∑–∞–Ω–∏–º–∞—é—Ç—Å—è —Å–≤–æ–∏–º –∑–¥–æ—Ä–æ–≤—å–µ–º —á–µ–≥–æ –∏ –¥—Ä—É–≥–∏–º –∂–µ–ª–∞–µ–º
1,–°–∞–º–∞—è –ª—É—á—à–∞—è –∞–ª–ª–µ—è
1,"–ö—Ä–∞—Å–æ—Ç–∞, —Å–≤–µ–∂–∏–π –≤–æ–∑–¥—É—Ö, –ø—Ä–∏—è—Ç–Ω–∞—è –ø—Ä–æ–≥—É–ª–∫–∞."
1,"–°–∞–º–æ–µ —Ä–æ–¥–Ω–æ–µ –º–µ—Å—Ç–æ, —Ç–∞–∫ –∫–∞–∫ –≤—Å–µ–≥–¥–∞ –Ω–∞–≤–æ–¥–∏—Ç –Ω–∞ –¥–µ—Ç—Å—Ç–≤–æ –∏ –±–µ–∑–∑–∞–±–æ—Ç–Ω–æ–µ –≤—Ä–µ–º—è"
1,"–•–æ—Ä–æ—à–µ–µ –º–µ—Å—Ç–æ –¥–ª—è –ø—Ä–æ–≥—É–ª–æ–∫. –ú–Ω–æ–≥–æ –ø–ª–æ—â–∞–¥–æ–∫, –µ—Å—Ç—å –≥–¥–µ –ø–æ—Å–∏–¥–µ—Ç—å –≤—ã–ø–∏—Ç—å –∫–æ—Ñ–µ –∏ –ø–µ—Ä–µ–∫—É—Å–∏—Ç—å"
1,"–û—Ç–ª–∏—á–Ω–æ–µ –º–µ—Å—Ç–æ –¥–ª—è –ø—Ä–æ–≥—É–ª–∫–∏. –ï—Å—Ç—å –º–µ—Å—Ç–∞ —Å –¥–µ—Ç—Å–∫–∏–º–∏ –ª–∞–∑–µ–ª–∫–∞–º–∏, –ª–∞–≤–æ—á–∫–∞–º–∏ –∏ –∫–∞—Ñ–µ. –ù–æ –Ω–µ –≤–∏–¥–µ–ª–∏ –Ω–∏ –æ–¥–Ω–æ–≥–æ —Ç—É–∞–ª–µ—Ç–∞ –ø–æ –ø—É—Ç"
1,"–û–¥–Ω–æ –∏–∑ –Ω–µ–º–Ω–æ–≥–∏—Ö –º–µ—Å—Ç –≤ –≥–æ—Ä–æ–¥–µ, –≥–¥–µ –º–æ–∂–Ω–æ –ø—Ä–æ–≥—É–ª—è—Ç—å—Å—è, –æ—Ç–¥–æ—Ö–Ω—É—Ç—å –∏ –ø–æ–¥—ã—à–∞—Ç—å —Å–≤–µ–∂–∏–º –≤–æ–∑–¥—É—Ö–æ–º. –û—Å–µ–Ω—å—é , —Å —É—Ç—Ä–∞ , –∫–æ–≥–¥–∞ —Å–æ–ª–Ω—Ü–µ —Ç–æ–ª—å–∫–æ –≤–∑–æ—à–ª–æ, –æ—Å–æ–±–µ–Ω–Ω–æ –∫—Ä–∞—Å–∏–≤–æ!"
0,–°—Ç–∞–ª–æ —Ö—É–∂–µ‚òùÔ∏è –Ω—É–∂–Ω—ã–µ —Ç—É—Ä–Ω–∏–∫–∏ —Å–Ω–µ—Å–ª–∏ –∑–∞—á–µ–º —Ç–æ –∏ —É—Å—Ç–∞–Ω–æ–≤–∏–ª–∏ –Ω–µ –ø–æ–Ω—è—Ç–Ω–æ —á—Ç–æ‚òùÔ∏è
1,"–û—á–µ–Ω—å –∫—Ä–∞—Å–∏–≤–æ–µ –∏ —É—Ö–æ–∂–µ–Ω–Ω–æ–µ –º–µ—Å—Ç–æ. –ú–Ω–æ–≥–æ —Ä–∞–∑–Ω—ã—Ö –ª–∞–≤–æ—á–µ–∫, –∫–∞—á–µ–ª–µ–π, –¥–µ—Ç—Å–∫–∏—Ö –∏ —Å–ø–æ—Ä—Ç–∏–≤–Ω—ã—Ö –ø–ª–æ—â–∞–¥–æ–∫. –ï—Å—Ç—å –∫–∞—Ñ–µ –∏ –±–µ—Å–ø–ª–∞—Ç–Ω—ã–π, —á–∏—Å—Ç—ã–π —Ç—É–∞–ª–µ—Ç. –¢–µ—Ä—Ä–µ–Ω–∫—É—Ä –∏–¥–µ—Ç –≤–¥–æ–ª—å —Ä–µ–∫–∏ –ø–æ—ç—Ç–æ–º—É –∑–¥–µ—Å—å –∂–∏–≤–æ–ø–∏—Å–Ω–æ –∏ –ï—Å—Ç—å –º–µ—Å—Ç–∞ –¥–ª—è —Ñ–æ—Ç–æ—Å–µ—Å—Å–∏–∏."
1,"–ú–Ω–µ –Ω–∏–∫–æ–≥–¥–∞ –Ω–µ –±—ã–ª–æ —Ç–∞–∫ –∫–æ–º—Ñ–æ—Ä—Ç–Ω–æ, —Ä–∞—Å—Å–µ–ª–∏—Å—å –Ω–∞ –ø—É—Ñ–∏–∫–∞—Ö –∏ —Å–º–æ—Ç—Ä–µ–ª–∏ —Å–µ—Ä–∏–∞–ª, —è –¥–∞–∂–µ —á—É—Ç—å –Ω–µ —É—Å–Ω—É–ª, –º–µ—Å—Ç–æ –ø—Ä–æ—Å—Ç–æ —Å—É–ø–µ—Ä !"
1,–ù–∏—à—Ç—è–∫
1,–û–¥–∏–Ω –∏–∑ –ª—é–±–∏–º—ã—Ö –º–µ—Å—Ç –≤ –≥–æ—Ä–æ–¥–µ. –ê–∫–∏–º–∞—Ç —Ö–æ—Ä–æ—à–æ –±–ª–∞–≥–æ—É—Å—Ç—Ä–æ–∏–ª –¥–ª—è –ø–µ—à–µ–π –ø—Ä–æ–≥—É–ª–∫–∏.
1,"–î–ª—è –º–µ–Ω—è —ç—Ç–æ –º–µ—Å—Ç–æ –æ—Ç–∫—Ä—ã—Ç–∏–µ –≥–æ–¥–∞! –î–∞–∂–µ –Ω–µ –∑–Ω–∞–ª, —á—Ç–æ –≤ –ê–ª–º–∞—Ç–µ –µ—Å—Ç—å —Ç–∞–∫–æ–µ —Å–∫–∞–∑–æ—á–Ω–æ–µ –º–µ—Å—Ç–æ! –ì—É–ª—è–ª–∏ —Ç–∞–º –Ω–æ—á—å—é, —Ç–∞–∫ –∫–ª–∞—Å—Å–Ω–æ! –í–µ–∑–¥–µ –≤—Å—ë –æ—Å–≤–µ—â–∞–µ—Ç—Å—è, –º–Ω–æ–≥–æ –º–µ—Å—Ç –≥–¥–µ –º–æ–∂–Ω–æ –ø–æ—Å–∏–¥–µ—Ç—å, –æ—Ç–¥–æ—Ö–Ω—É—Ç—å, –ø–æ–¥—ã—à–∞—Ç—å —Å–≤–µ–∂–∏–º –≤–æ–∑–¥—É—Ö–æ–º. –û—Å–µ–Ω—å—é —Ç–∞–º –æ—á–µ–Ω—å –≤–æ–ª—à–µ–±–Ω–æ!"
1,–ó–¥–æ—Ä–æ–≤–æ! –•–æ—Ä–æ—à–∞—è —Ç—Ä–∞—Å—Å–∞ –¥–ª—è –ø—Ä–æ–±–µ–∂–∫–∏ —Å –æ—â—É—Ç–∏–º—ã–º –ø–æ–¥—å–µ–º–æ–º –∏ —Å–ø—É—Å–∫–æ–º
1,"–ö–∞–∫ –∂–µ –∑–¥–µ—Å—å –∫—Ä–∞—Å–∏–≤–æ –≤ –ª—é–±–æ–µ –≤—Ä–µ–º—è –≥–æ–¥–∞,–≤ –ª—é–±—É—é –ø–æ–≥–æ–¥—É. –ó–¥–æ—Ä–æ–≤–æ –≥—É–ª—è—Ç—å –≤–¥–æ–ª—å –≥–æ—Ä–Ω–æ–π —Ä–µ–∫–∏ –ø–æ–¥ –∫—Ä–æ–Ω–∞–º–∏ –¥–µ—Ä–µ–≤—å–µ–≤,—Å–ª—É—à–∞—Ç—å –ø–µ–Ω–∏–µ –ø—Ç–∏—Ü. –ö–∞–∫ –º–Ω–æ–≥–æ –∑–¥–µ—Å—å –º–∞–º–æ—á–µ–∫ —Å –¥–µ—Ç–∫–∞–º–∏. –ö—Ä–∞—Å–æ—Ç–∞üòç"
1,"–û—Ç–ª–∏—á–Ω–æ–µ –º–µ—Å—Ç–æ –¥–ª—è —Å–ø–æ–∫–æ–π–Ω—ã—Ö –ø–µ—à–∏—Ö –ø—Ä–æ–≥—É–ª–æ–∫ –≤ –ø—Ä–æ—Ö–ª–∞–¥–µ –ú–∞–ª–æ–π –∞–ª–º–∞—Ç–∏–Ω–∫–∏. –¢–µ—Ä—Ä–µ–Ω–∫—É—Ä –æ—Å–≤–æ–±–æ–∂–¥—ë–Ω –æ—Ç –≤–µ–ª–æ—Å–∏–ø–µ–¥–æ–≤ –∏ —Å–∞–º–æ–∫–∞—Ç–æ–≤, –ø–æ—ç—Ç–æ–º—É –º–æ–∂–Ω–æ —Ö–æ–¥–∏—Ç—å —Å –¥–µ—Ç—å–º–∏, –Ω–µ –ø–µ—Ä–µ–∂–∏–≤–∞—è, —á—Ç–æ —Å –Ω–∏–º–∏ –∫—Ç–æ-—Ç–æ –º–æ–∂–µ—Ç —Å—Ç–æ–ª–∫–Ω—É—Ç—å—Å—è. –í–¥–æ–ª—å –Ω–∞–±–µ—Ä–µ–∂–Ω–æ–π —É—Å—Ç–∞–Ω–æ–≤–ª–µ–Ω–æ –Ω–µ—Å–∫–æ–ª—å–∫–æ —Å–ø–æ—Ä—Ç–∏–≤–Ω—ã—Ö –∏ –∏–≥—Ä–æ–≤—ã—Ö –ø–ª–æ—â–∞–¥–æ–∫ –∏ —Ä–∞–±–æ—Ç–∞–µ—Ç –Ω–µ—Å–∫–æ–ª—å–∫–æ –Ω–µ–±–æ–ª—å—à–∏—Ö –∫–∞—Ñ–µ."
1,"–û—á–µ–Ω—å –∫—Ä–∞—Å–∏–≤–æ–µ –º–µ—Å—Ç–æ –¥–ª—è –ø—Ä–æ–≥—É–ª–æ–∫, —Å–≤–µ–∂–∏–π –≤–æ–∑–¥—É—Ö –æ–±–µ—Å–ø–µ—á–µ–Ω."
1,"–ö—Ä–∞—Å–∏–≤–æ–µ –º–µ—Å—Ç–æ –¥–ª—è –ø—Ä–æ–≥—É–ª–æ–∫ –∏ –æ—Ç–¥—ã—Ö–∞. –ï—Å—Ç—å –º–Ω–æ–≥–æ –ª–∞–≤–æ—á–∫–µ, –¥–µ—Ç—Å–∫–∏–µ –∏ —Å–ø–æ—Ä—Ç–∏–≤–Ω—ã–µ –ø–ª–æ—â–∞–¥–∫–∏. –ö–∞—Ñ–µ –∏ —Ç—É–∞–ª–µ—Ç—ã –±–µ—Å–ø–ª–∞—Ç–Ω—ã–µ –∏ —á–∏—Å—Ç—ã–µ. –¢–µ—Ä—Ä–µ–Ω–∫—É—Ä –∏–¥–µ—Ç –≤–¥–æ–ª—å —Ä–µ–∫–∏, –ø–æ—ç—Ç–æ–º—É –∑–¥–µ—Å—å –æ—á–µ–Ω—å –∂–∏–≤–æ–ø–∏—Å–Ω–æ, –º–æ–∂–Ω–æ –ø—Ä–æ–≤–æ–¥–∏—Ç—å —Ñ–æ—Ç–æ—Å–µ—Å—Å–∏–∏."
1,"–≠—Ç–æ –±–æ–≥–∞—Ç—Å—Ç–≤–æ, —Å–≤–µ–∂–µ—Å—Ç—å, —Ä–∞–π"
1,"–û—á–µ–Ω—å –∫—Ä–∞—Å–∏–≤–æ–µ –º–µ—Å—Ç–æ. –†–µ–∫–æ–º–µ–Ω–¥—É—é –ø—Ä–æ–≥—É–ª—è—Ç—å—Å—è. –ö—Ä–∞—Å–æ—Ç–∞ –ø—Ä–∏—Ä–æ–¥—ã –¥–∞–Ω–æ –í—Å–µ–≤—ã—à–Ω–µ–ºüôèüèº —É–¥–æ–±–Ω–æ –¥–ª—è –ø–∏–∫–Ω–∏–∫–∞ –∫–æ–≤—Ä–∏–∫–∏ –ø–æ—Å—Ç–µ–ª–∏–ª–∏, –∫–æ—Ñ–µ–µ–Ω –Ω–µ—Å–∫–æ–ª—å–∫–æ –æ—Ç–∫—Ä—ã–ª–∏. –¢—É–∞–ª–µ—Ç –µ—Å—Ç—å."
1,–Ø –∑–¥–µ—Å—å –ª–µ—Ç–æ–º –∏ –∑–∏–º–æ–π) –û—á–µ–Ω—å –∫—Ä–∞—Å–∏–≤–æ
1,"–û—á–µ–Ω—å –∫—Ä–∞—Å–∏–≤–æ –æ—Å–µ–Ω—å—é, —Ç–µ–ø–µ—Ä—å –Ω–∞–¥–æ –∑–º–æ–π"
1,–ö–ª–∞—Å—Å–Ω–æ
1,–ö—Ä–∞—Å–∏–≤–∞—è –º–µ—Å—Ç–Ω–æ—Å—Ç—å –¥–ª—è –ø—Ä–æ–≥—É–ª–∫–∏
1,"–ß–∏—Å—Ç—ã–π –≤–æ–∑–¥—É—Ö, —à—É–º —Ä–µ—á–∫–∏ –∏ –≤–æ—Å—Ö–∏—Ç–∏—Ç–µ–ª—å–Ω–∞—è –ø—Ä–∏—Ä–æ–¥–∞. –ß—Ç–æ –º–æ–∂–µ—Ç –±—ã—Ç—å –ª—É—á—à–µ –≤ —à—É–º–Ω–æ–º –≥–æ—Ä–æ–¥–µ, –ø—Ä–æ–≥—É–ª–∫–∏ –ø–æ –¢–µ—Ä–µ–Ω–∫—É—Ä—É"
1,"–ß–∏—Å—Ç—ã–π –≤–æ–∑–¥—É—Ö,–º–∞–ª–æ –ª—é–¥–µ–π –ø–æ —É—Ç—Ä–∞–º –º–æ–∂–µ—Ç–µ –ø–æ–∑–∞–Ω–∏–º–∞—Ç—å—Å—è"
1,–≠—Ç–æ –≤–æ—Å—Ö–∏—Ç–∏—Ç–µ–ª—å–Ω–æ–µ –º–µ—Å—Ç–æ
1,"–ú–Ω–µ –∫–∞–∂–µ—Ç—Å—è, —á—Ç–æ –∫–æ–º–º–µ–Ω—Ç–∏—Ä–æ–≤–∞—Ç—å —ç—Ç–æ –ø—Ä–µ–∫—Ä–∞—Å–Ω–æ–µ –º–µ—Å—Ç–æ –∏–∑–ª–∏—à–Ω–µ, –ø—Ä–µ–∫—Ä–∞—Å–Ω–æ–µ —Å–æ—á–µ—Ç–∞–Ω–∏–µ –∑–µ–ª–µ–Ω–æ–≥–æ –æ–∫—Ä—É–∂–µ–Ω–∏—è, —à—É–º–∞ –≤–æ–¥—ã –∏, –Ω–∞ —Å–µ–≥–æ–¥–Ω—è, –∫–æ–º—Ñ–æ—Ä—Ç–Ω–æ–π –∏–Ω—Ñ—Ä–∞—Å—Ç—Ä—É–∫—Ç—É—Ä—ã. –•–æ—Ç—è –º–æ–∂–Ω–æ –±—ã–ª–æ –≤—Å–µ —Ç–∞–∫–∏ –¥–æ–±–∞–≤–∏—Ç—å —á—É—Ç—å —á—É—Ç—å –±–æ–ª—å—à–µ —É—Å–ª—É–≥, –æ—Å–æ–±–µ–Ω–Ω–æ –≤—ã—à–µ –ú–∏—Ç–∏–Ω–∞!"
1,–û—á–µ–Ω—å –∑–∞–º–µ—á–∞—Ç–µ–ª—å–Ω—ã–π –ø–µ—à–µ—Ö–æ–¥–Ω—ã–π —Ç—É—Ä–∏–∑–º
1,"–ü–æ—Ç—Ä—è—Å–∞—é—â–µ —É–µ–¥–∏–Ω–µ–Ω–Ω–æ–µ –º–µ—Å—Ç–æ –¥–ª—è –ø—Ä–æ–≥—É–ª–∫–∏. –ñ—É—Ä—á–∞—â–∞—è –≤–æ–¥–∞, –∞–∫–∫—É—Ä–∞—Ç–Ω–∞—è —Ç—Ä–æ–ø–∞ –ø–æ—Å–ª–µ —Ä–µ–Ω–æ–≤–∞—Ü–∏–∏, —á–∏—Å—Ç—ã–π –≤–æ–∑–¥—É—Ö —Å—Ä–∞–≤–Ω–∏—Ç–µ–ª—å–Ω–æ —Å –≥–æ—Ä–æ–¥–æ–º, –¥–µ—Ä–µ–≤—å—è —Å –≤—ã—Å–æ–∫–∏–º–∏ –∫—Ä–æ–Ω–∞–º–∏ –∏ –ø–ª–æ—Ç–Ω–æ–π –ª–∏—Å—Ç–≤–æ–π –æ—Ç–ª–∏—á–Ω—ã–π —Å–∫–∞–∑—ã–≤–∞–µ—Ç—Å—è –Ω–∞ —Å–∞–º–æ—á—É–≤—Å—Ç–≤–∏–∏. –ï—Å—Ç—å —É–¥–æ–±–Ω—ã–µ —Å–∫–∞–º–µ–π–∫–∏, –∫–∞—á–µ–ª–∏, –∏–≥—Ä–æ–≤—ã–µ –ø–ª–æ—â–∞–¥–∫–∏ –¥–ª—è –¥–µ—Ç–µ–π, –≤ –Ω–µ–∫–æ—Ç–æ—Ä—ã—Ö –º–µ—Å—Ç–∞—Ö —Ç–æ—á–∫–∏ –¥–ª—è –ø–µ—Ä–µ–∫—É—Å–∞, –∫–æ—Ñ–µ. –õ—É—á—à–µ –ø—Ä–æ–≥—É–ª–∫—É –Ω–∞—á–∞—Ç—å —Å –ø–µ—Ä–µ—Å–µ—á–µ–Ω–∏–∏ —É–ª–∏—Ü –î–æ—Å—Ç—ã“õ –∏ –û—Å–ø–∞–Ω–æ–≤–∞, —Ç–∞–∫ –∫–∞–∫ —É–¥–æ–±–Ω–µ–µ —Å–ø—É—Å–∫–∞—Ç—å—Å—è, —á–µ–º –ø–æ–¥–Ω–∏–º–∞—Ç—å—Å—è –≤ —Å—Ç–æ—Ä–æ–Ω—É –≥–æ—Ä, –∞ –∑–∞–∫–∞–Ω—á–∏–≤–∞–µ—Ç—Å—è —Ç–µ—Ä—Ä–µ–Ω–∫—É—Ä –≥–¥–µ –î–≤–æ—Ä–µ—Ü —Ä–µ—Å–ø—É–±–ª–∏–∫–∏. –û–¥–Ω–æ–∑–Ω–∞—á–Ω–∞—è —Ä–µ–∫–æ–º–µ–Ω–¥–∞—Ü–∏—è —Ä–∞–¥–∏ –ø—Ä–æ—Ñ–∏–ª–∞–∫—Ç–∏–∫–∏ –∑–¥–æ—Ä–æ–≤—å—è."
1,–ö–ª–∞—Å—Å–Ω–æ–µ –º–µ—Å—Ç–æ –¥–ª—è –Ω–µ—Å–ø–µ—à–Ω—ã—Ö –ø—Ä–æ–≥—É–ª–æ–∫
1,"–ö—Ä–∞—Å–∏–≤–∞—è —Ç—Ä–æ–ø–∞ –≤–¥–æ–ª—å –≤–æ–¥–æ—ë–º–∞ –æ—Ç–ª–∏—á–Ω–æ –ø–æ–¥—Ö–æ–¥–∏—Ç –∫–∞–∫ –¥–ª—è —É—Ç—Ä–µ–Ω–Ω–∏—Ö –ø—Ä–æ–±–µ–∂–µ–∫, —Ç–∞–∫ –∏ –¥–ª—è –≤–µ—á–µ—Ä–Ω–∏—Ö –ø—Ä–æ–≥—É–ª–æ–∫!"
1,"–°–∞–º–æ–µ —Ç–æ –¥–ª—è –ª—é–±–∏—Ç–µ–ª–µ–π –ø—Ä–∏—Ä–æ–¥—ã, –µ—Å—Ç–µ—Å—Ç–≤–µ–Ω–Ω–æ–≥–æ –±–µ–ª–æ–≥–æ —à—É–º–∞ –≤ –≤–∏–¥–µ –∂—É—Ä—á–∞–Ω–∏—è —Ä–µ—á–∫–∏. –û–±–ª–∞–≥–æ—Ä–æ–¥–∏–ª–∏ —Ç—Ä–æ–ø—É –ø—Ä–æ—Å—Ç–æ –Ω–∞—Å–ª–∞–∂–¥–µ–Ω–∏–µ!!!"
1,"–ö—Ä–∞—Å–∏–≤–æ–µ –º–µ—Å—Ç–æ, –≤—Å–µ–º —Ä–µ–∫–æ–º–µ–Ω–¥—É—é –∫ –ø–æ—Å–µ—â–µ–Ω–∏—é."
1,"–ó–∞–º–µ—á–∞—Ç–µ–ª—å–Ω–æ–µ –∞—Ç–º–æ—Å—Ñ–µ—Ä–Ω–æ–µ –º–µ—Å—Ç–æ. –°–≤–µ–∂–∏–π –≤–æ–∑–¥—É—Ö, –ø—Ä–∏—è—Ç–Ω—ã–µ –ª—é–¥–∏. –í—Å—ë –¥–ª—è –¥—É—à–∏ –∏ —Ç–µ–ª–∞. One love my AlmatyüçÇüçÅ"
1,Very peaceful. The leaves are gorgeous.
1,–ü—Ä–∏–∫–æ–ª—å–Ω–æ –∑–¥–µ—Å—å)
1,"–ú–æ—è —Å–∞–º–∞—è –ª—é–±–∏–º–∞—è –ª–æ–∫–∞—Ü–∏—è –≤ –≥–æ—Ä–æ–¥–µ! –£–º–∏—Ä–æ—Ç–≤–æ—Ä–µ–Ω–∏–µ –∏ –Ω–∞—Å–ª–∞–∂–¥–µ–Ω–∏–µ –≤–∏–¥–∞–º–∏ –∂–¥—É—Ç –≥—É–ª—è—é—â–∏—Ö –≤ —ç—Ç–æ–º –º–µ—Å—Ç–µ. –õ–µ—Ç–æ–º –¥–µ—Ä–µ–≤—å—è –¥–∞–µ—Ç –æ—Ç–¥–æ—Ö–Ω—É—Ç—å –æ—Ç –∑–Ω–æ—è, —à—É–º –≤–æ–¥—ã —É—Å–ø–æ–∫–∞–∏–≤–∞–µ—Ç. –ö—Ä–æ–º–µ —Ç–æ–≥–æ –∑–¥–µ—Å—å –Ω–µ—Ç —Å–∫—É—Ç–µ—Ä–æ–≤ –∏ –º–∞–ª–æ –∫—Ç–æ –µ–∑–¥–∏—Ç –Ω–∞ –≤–µ–ª–æ—Å–∏–ø–µ–¥–∞—Ö. –û–±–ª—é–±–æ–≤–∞–Ω–Ω–æ–µ –º–µ—Å—Ç–æ –ª—é–¥–µ–π –ø—Ä–∏–≤–µ—Ä–∂–µ–Ω—Ü–µ–≤ –ó–û–ñ. –õ—é–±–ª—é —Ç–µ—Ä—Ä–µ–Ω–∫—É—Ä –≤—ã—à–µ –ê–ª—å-—Ñ–∞—Ä–∞–±–∏ –±–µ–∑ —à—É–º–Ω–æ–π –º—É–∑—ã–∫–∏ –∏ –∫—É—á–∏ –∫–∞—Ñ–µ—à–µ–∫. –ê –µ—â—ë –º–æ–∂–Ω–æ –ø–æ–Ω–∞–±–ª—é–¥–∞—Ç—å –∏ –ø–æ–∫–æ—Ä–º–∏—Ç—å —É—Ç–µ—á–µ–∫ –≤ –ø—Ä—É–¥—É."
0,"–ß–∏—Å—Ç–æ –¥–ª—è –ø—Ä–æ–≥—É–ª–æ–∫ –∏ –ø—Ä–æ–±–µ–∂–µ–∫ , —Å–µ–≥–æ–¥–Ω—è –±—ã–ª–∞ –æ–∂–∏–¥–∞–Ω–∏–µ –∏ —Ä–µ–∞–ª—å–Ω–æ—Å—Ç—å....
–î–ª—è —Ñ–æ—Ç–æ—Å–µ—Å—Å–∏–∏ –∂–µ–ª–∞—Ç–µ–ª—å–Ω–æ –µ–∑–¥–∏—Ç—å –≤ –∫–æ–Ω—Ü–µ –æ–∫—Ç—è–±—Ä—è –ª–∏–±–æ –≤ –Ω–æ—è–±—Ä–µ. –•–æ—Ç—è –æ—á–µ–Ω—å —Ö–≤–∞–ª–∏–ª–∏ —á—Ç–æ –∫—Ä–∞—Å–∏–≤–æ–µ –º–µ—Å—Ç–æ )"
1,"–ò–∑–ª—é–±–ª–µ–Ω–Ω–æ–µ –º–µ—Å—Ç–æ –æ—Ç–¥—ã—Ö–∞ –≥–æ—Ä–æ–∂–∞–Ω, —Ü–∏–≤–∏–ª—å–Ω–æ-–ø—Ä–∏—è—Ç–Ω–æ-–æ–ø—Ä—è—Ç–Ω–æ!"
1,”®—Ç–µ –∫–µ—Ä–µ–º–µ—Ç
1,–ò–¥–µ–∞–ª—å–Ω–æ–µ –º–µ—Å—Ç–æ –¥–ª—è –≤–µ—á–µ—Ä–Ω–µ–π –ø—Ä–æ–≥—É–ª–∫–∏ üö∂
1,–ª—É—á—à–∏–π –º–µ—Å—Ç–æ
0,–ù–∞—á–∏–Ω–∞ —Å 2/3 –æ—Ç—Ä–µ–∑–∫–∞ –≤ —Å—Ç–æ—Ä–æ–Ω—É –æ–∑–µ—Ä–∞ –Ω–∞–ø—Ä–æ—á—å –æ—Ç—Å—É—Ç—Å—Ç–≤—É–µ—Ç –æ—Å–≤–µ—â–µ–Ω–∏–µ. –¢—å–º–∞ —Ç–º–µ—à–Ω–∞—è. –ø–æ—á–µ–º—É –Ω–µ –º–µ–Ω—è—é—Ç –ª–∞–º–ø–æ—á–∫–∏ –≤ —Ñ–æ–Ω–∞—Ä—è—Ö?
1,"–•–æ—Ä–æ—à–∞—è —Ç—Ä–æ–ø–∞, –≤ –∫–æ–Ω—Ü–µ –†–æ—Ç–æ–Ω–¥–∞ –ø—Ä—è–º —Ä–∞–¥—É–µ—Ç –≥–ª–∞–∑)

P.S. –∑–∞ —á–∏—Å—Ç–æ—Ç–æ–π –ø—Ä—É–¥–∞ –Ω–µ–∫–æ–º—É —Å–ª–µ–¥–∏—Ç—å –∫ —Å–æ–¥–∞–ª–µ–Ω–∏—é."
1,–û—Ç–ª–∏—á–Ω–æ–µ –º–µ—Å—Ç–æ –¥–ª—è –ø—Ä–æ–≥—É–ª–æ–∫
1,"–û—Ç–ª–∏—á–Ω–æ–µ –º–µ—Å—Ç–æ, –¥–ª—è –ø—Ä–æ–≥—É–ª–æ–∫ —Å –≤–∏–Ω–∏—à–∫–æ–º –≤ –∫–æ—Ñ–µ–π–Ω—ã—Ö —Å—Ç–∞–∫–∞–Ω—á–∏–∫–∞—Ö)"
1,–ò–¥–µ–∞–ª—å–Ω–æ–µ –º–µ—Å—Ç–æ –¥–ª—è –ø—Ä–æ–±–µ–∂–µ–∫
1,"1. –û—Ç–ª–∏—á–Ω–æ–µ –º–µ—Å—Ç–æ –¥–ª—è –ø–µ—à–µ–π –ø—Ä–æ–≥—É–ª–∫–∏.
2. –ß–∏—Å—Ç–æ –∏ —Ç–æ—á–∫–∞.
3. –£—Å—Ç–∞–Ω–æ–≤–∏—Ç—å –¥–æ–ø.—Ç—É–∞–ª–µ—Ç –≤ —Å–µ—Ä–µ–¥–∏–Ω–µ —Ç—Ä–æ–ø—ã
4. –£—Ç–æ—á–∫–∏!!! –•–æ—Ç—è –±—ã –ø–µ—Ä–µ–≤–µ–∑–∏—Ç–µ –∏—Ö –≤ –¥—Ä—É–≥–æ–µ –º–µ—Å—Ç–æ —Å —É—Å–ª–æ–≤–∏—è–º–∏."
1,"–î–∞–≤–∞–π—Ç–µ —Ç–æ–≥–¥–∞ 01.07.2023–≥ –ø—Ä–æ–≤–µ–¥—ë–º –±–æ–ª—å—à–æ–π —Å—É–±–±–æ—Ç–Ω–∏–∫. –ö—Ç–æ –∑–∞—Ö–æ—á–µ—Ç –ø—Ä–∏–¥–µ—Ç, –∏ –ø–æ—Å–ª–µ –º–æ–∂–µ–º –ø—Ä–æ—Å—Ç–æ –ø–æ—Å–∏–¥–µ—Ç—å. –ö—Ç–æ –∑–∞ –±—É–¥—É –∂–¥–∞—Ç—å —Ç–∞–º –≤ 12 –¥–Ω—è"
1,"–û–±–æ–∂–∞—é —ç—Ç—É –¥–æ—Ä–æ–∂–∫—É, —Ä–µ–∫–∞ –∂—É—Ä—á–∏—Ç, —Ç–∞–∫–æ–µ —Å–ø–æ–∫–æ–π—Å—Ç–≤–∏–µ –ø—Ä–∏—Ö–æ–¥–∏—Çüßò"
1,"–ö–ª–∞—Å—Å–Ω–æ–µ –º–µ—Å—Ç–æ, —Ä—ã–±–æ–∫ –Ω–µ—Ç –∏–ª–∏ –µ—Å—Ç—å –Ω–æ –ø–æ –∫—Ä–∞–π–Ω–µ –º–µ—Ä–µ –Ω–µ –ø–æ–π–º–∞–ª"
1,–ö–ª–∞—Å—Å–Ω–æ–µ –º–µ—Å—Ç–æ –¥–ª—è –æ—Ç–¥—ã—Ö–∞ –∏ –ø—Ä–æ–≥—É–ª–∫–∏ !
1,"–•–æ—Ä–æ—à–∏–π —Ç–∞–º–∞–¥–∞, –¥–∞ –∏ –∫–æ–Ω–∫—É—Ä—Å—ã –∏–Ω—Ç–µ—Ä–µ—Å–Ω—ã–µ. –°–ø–∞—Å–∏–±–æ –∑–∞ –∫—Ä–∫—Å–∏–≤—ã–π –∞—É–µ—Ç–µ–Ω—Ç–∏—á–Ω—ã–π —Å—Ç–æ–ª. –ó–∞ –≥—Ä–∏–±—ã 5/5‚ù§Ô∏è"
1,"–£ –º–µ–Ω—è –≤—ã—à–ª–∞ –æ—Ç–ª–∏—á–Ω–∞—è –ø—Ä–æ–≥—É–ª–∫–∞ –ø–æ —ç—Ç–æ–π —Ç—Ä–æ–ø–µ. –ß–µ—Å—Ç–Ω–æ –≥–æ–≤–æ—Ä—è, –ø—Ä–∏–¥—Ä–∞—Ç—å—Å—è –Ω–µ –∫ —á–µ–º—É. –ú–µ—Å—Ç–æ –ø–æ–ª—É—á–∏–ª–æ—Å—å –æ—Ç–ª–∏—á–Ω–æ–µ."
1,–õ–µ—Ç–æ–º –µ—â–µ –∫—Ä–∞—Å–∏–≤–µ–µüòç—Ç–∏—Ö–æ–µ –º–µ—Å—Ç–æ—á–∫–æ –≤–¥–∞–ª–∏ –æ—Ç —Å—É–µ—Ç—ãü´∂üèª
1,"–û—Ç–ª–∏—á–Ω–∞—è —Ç—Ä–æ–ø–∞, –æ–±–æ—Ä—É–¥–æ–≤–∞–Ω–∞ –ª–∞–≤–æ—á–∫–∞–º–∏ –∏ —Å–ø–æ—Ä—Ç–∏–≤–Ω—ã–º–∏ —Å–Ω–∞—Ä—è–¥–∞–º–∏. –ï—Å–ª–∏ –∏–¥—Ç–∏ –æ—Ç –≥–æ—Å—Ç–∏–Ω–∏—Ü—ã –ö–∞–∑–∞—Ö—Å—Ç–∞–Ω, —Ç–æ –ø–æ–ª—É—á–∏—Ç—Å—è –ø–æ–¥—ä–µ–º –≤ –≥–æ—Ä—É, —ç—Ç–æ —á—É—Ç—å —Å–ª–æ–∂–Ω–µ–µ –¥–ª—è –Ω–æ–≥ –±—É–¥–µ—Ç"
1,"–•–æ—Ä–æ—à–µ–µ –º–µ—Å—Ç–æ –¥–ª—è –ø—Ä–æ–≥—É–ª–∫–∏. –û—á–µ–Ω—å –∫—Ä–∞—Å–∏–≤–æ. –ë—ã–ª–∞ –∑–∏–º–æ–π, –Ω–æ –∫–∞–∂–µ—Ç—Å—è —ç—Ç–æ—Ç –ø–∞—Ä–∫ —Å–æ–∑–¥–∞–Ω –¥–ª—è –æ—Å–µ–Ω–∏! –û—á–µ–Ω—å —á–∏—Å—Ç–æ, –º–Ω–æ–≥–æ –¥–µ—Ä–µ–≤—å–µ–≤, —Ä–µ—á—É—à–∫–∞. –° —É–¥–æ–≤–æ–ª—å—Å—Ç–≤–∏–µ–º –ø—Ä–æ–≤–µ–ª–∞ –≤—Ä–µ–º—è!"
1,"–ú–µ—Å—Ç–æ –æ—á–µ–Ω—å –∫—Ä–∞—Å–∏–≤–æ–µ. –ù–æ —Å–ª–∏—à–∫–æ–º –º–Ω–≥–æ –ª—é–¥–µ–π. –ü–ª—é—Å –∏ —Ç—É—Ç –Ω–∞ —Å–≤–æ–∏ –æ–±–¥–æ–ª–±–∞–Ω–Ω—ã—Ö —Å–∞–º–æ–∫–∞—Ç–∞—Ö –º–µ—à–∞—é—Ç—Å—è –ø–æ–¥ –Ω–æ–≥–∞–º–∏. –ï—Å–ª–∏ —Ö–æ—Ç–∏—Ç–µ —Å–ø–æ–∫–æ–π–Ω–æ –Ω–∞—Å–ª–∞–¥–∏—Ç—å—Å—è –ø—Ä–∏—Ä–æ–¥–æ–π, –∏ —Ç–∏—à–∏–Ω–æ–π, —Ç–æ –ª—É—á—à–µ –ø—Ä–∏—Ö–æ–¥–∏—Ç–µ –≤ –±—É–¥–Ω–∏ –∏–ª–∏ —Ä–∞–Ω–æ —É—Ç—Ä–æ–º."
1,–ü—Ä–∏–º–µ—Ä–Ω–æ 8000 —à–∞–≥–æ–≤ –≤ –∏—Ç–æ–≥–µ üëç
1,–ë–µ–∑—É–º–Ω–æ –∫—Ä–∞—Å–∏–≤–æ –∏ –∏–¥–µ–∞–ª—å–Ω–æ–µ –º–µ—Å—Ç–æ –¥–ª—è –æ—Ç–¥—ã—Ö–∞.
1,"–°–∫–∞–∑–æ—á–Ω–æ –∫—Ä–∞—Å–∏–≤–æ–µ –º–µ—Å—Ç–æ, –æ—Å–æ–±–µ–Ω–Ω–æ –æ—Å–µ–Ω—å—é: –Ω–µ—Å–ø–µ—à–Ω–æ –ø—Ä–æ–π—Ç–∏—Å—å –ø–æ —É—Ö–æ–∂–µ–Ω–Ω–æ–π —Ç—Ä–æ–ø–µ –≤–¥–æ–ª—å –±—É—Ä–ª—è—â–µ–π —Ä–µ–∫–∏, –ø–æ–¥—ã—à–∞—Ç—å, –ø–æ—Å–º–æ—Ç—Ä–µ—Ç—å –Ω–∞ —É—Ç–æ—á–µ–∫, –¥–∞ –∏ –ø—Ä–æ—Å—Ç–æ –Ω–µ–º–Ω–æ–≥–æ –∞–±—Å—Ç—Ä–∞–≥–∏—Ä–æ–≤–∞—Ç—å—Å—è –æ—Ç –≥–æ—Ä–æ–¥—Å–∫–æ–π —Å—É–µ—Ç–Ω–æ–π –∂–∏–∑–Ω–∏.."
1,"–ú–Ω–µ –ø–æ–Ω—Ä–∞–≤–∏–ª–æ—Å—å, —Å–¥–µ–ª–∞–Ω–æ —Ö–æ—Ä–æ—à–æ, –∏–¥—Ç–∏ –ø—Ä–∏—è—Ç–Ω–æ –∏ –ª—é–¥–∏ –∫—Ä–∞—Å–∏–≤—ã–µ"
1,"–û—Ç–ª–∏—á–Ω–æ–µ –º–µ—Å—Ç–æ –¥–ª—è –ø—Ä–æ–≥—É–ª–∫–∏. –¢–∏—Ö–æ, –∫—Ä–∞—Å–∏–≤–æ!"
1,"–ú–µ—Å—Ç–æ –æ—á–µ–Ω—å –º–Ω–æ–≥–æ–ª—é–¥–Ω–æ–µ, –æ—Å–æ–±–µ–Ω–Ω–æ –≤ –≤—ã—Ö–æ–¥–Ω—ã–µ –¥–Ω–∏. –ö–∞—Ñ–µ –¥–ª—è –ø–∞—Ä–∫–∞ —Ö–æ—Ä–æ—à–∏–µ. –•–æ—Ç—è —Ü–µ–Ω—ã –Ω–∞ –µ–¥—É –æ–∂–∏–¥–∞–µ–º–æ –∑–∞–≤—ã—à–µ–Ω—ã"
1,Beautiful and peaceful
1,–í—Å–µ –º–µ–≥–∞ –∫–æ—Å–º–∏—á–Ω–æ
1,"–°–∫–∞–∑–æ—á–Ω–æ–µ –º–µ—Å—Ç–æ. –¢–∞–º –µ—Å—Ç—å —É—Ç–∫–∏, —Ä—ã–±–∫–∏. –ß—Ç–æ —Ö–æ—á—É –æ—Ç–º–µ—Ç–∏—Ç—å –≥—Ä–∞–∂–¥–∞–Ω–µ #–≤–æ–∑–º–∏–º—É—Å–æ—Ä—Å—Å–æ–±–æ–π"
1,–û—á–µ–Ω—å –∫—Ä–∞—Å–∏–≤–æ
1,–ü—Ä–µ–∫—Ä–∞—Å–Ω–æ–µ –º–µ—Å—Ç–æ –¥–ª—è –ø—Ä–æ–≥—É–ª–æ–∫ –∏ –¥–ª—è —Ñ–æ—Ç–æ. –ú–æ–∂–Ω–æ –ø–æ–ª—é–±–æ–≤–∞—Ç—å—Å—è –∏ –ø–æ–∫–æ—Ä–º–∏—Ç—å —É—Ç–æ–∫.
1,–û–¥–Ω–æ –∏–∑ –ª—é–±–∏–º—ã—Ö –º–µ—Å—Ç –≤ –≥–æ—Ä–æ–¥–µ
1,–û–¥–Ω–æ –∏–∑ –ª—É—á—à–∏—Ö –º–µ—Å—Ç –¥–ª—è –ø—Ä–æ–≥—É–ª–æ–∫ –≤ –ê–ª–º–∞—Ç—ã. –î–∞–∂–µ –≤ –∂–∞—Ä—É –∑–¥–µ—Å—å –Ω–µ —Å–∏–ª—å–Ω–æ —É–º–∏—Ä–∞–µ—à—å –æ—Ç –ø–µ–∫–ª–∞. –ö –ø–æ—Å–µ—â–µ–Ω–∏—é –æ–¥–Ω–æ–∑–Ω–∞—á–Ω–æ —Ä–µ–∫–æ–º–µ–Ω–¥—É–µ—Ç—Å—è.
1,–í—Å—ë –∫—Ä–∞—Å–∏–≤–æ –∏ —Ç–∏—à–∏–Ω–∞
1,"–û—á–µ–Ω—å –∫–ª–∞—Å—Å–Ω–æ–µ –º–µ—Å—Ç–æ –¥–ª—è –±–µ–≥–∞ –≤ –ª—é–±—É—é –ø–æ–≥–æ–¥—É, –∞ —Ç–µ–ø–µ—Ä—å –µ—â—ë –∏ —Ñ–æ–Ω—Ç–∞–Ω—á–∏–∫ —Å –≤–æ–¥–æ–π —É—Å—Ç–∞–Ω–æ–≤–∏–ª–∏, —Ç–∞–∫ –≤–æ–æ–±—â–µ –∫–ª–∞—Å—Å!
–ü–æ–±–æ–ª—å—à–µ –±—ã —Ç–∞–∫–∏—Ö —Ñ–æ–Ω—Ç–∞–Ω—á–∏–∫–æ–≤ —Å –≤–æ–¥–æ–π –∏ –±–µ–≥—É–Ω—ã –±—É–¥—É—Ç –æ—á–µ–Ω—å –±–ª–∞–≥–æ–¥–∞—Ä–Ω—ã!"
1,"–¢—Ä–æ–ø–∞-–ª–µ–≥–µ–Ω–¥–∞) –ø–æ—Å–ª–µ –æ–±–ª–∞–≥–æ—Ä–∞–∂–∏–≤–∞–Ω–∏—è —Å—Ç–∞–ª–∞ –µ—â—ë –ø–æ–ø—É–ª—è—Ä–Ω–µ–µ. –ü—Ä–µ–∫—Ä–∞—Å–Ω—ã–π –º–∞—Ä—à—Ä—É—Ç –¥–ª—è —Å–ø–æ—Ä—Ç–∏–≤–Ω–æ–π –ø—Ä–æ–≥—É–ª–∫–∏. –†–µ—á–∫–∞, —Ç–µ–Ω—å, —Å–ø–æ—Ä—Ç–∏–≤–Ω—ã–µ –ø–ª–æ—â–∞–¥–∫–∏, —Ü–≤–µ—Ç—ã... –ù–∞—Å—Ç–æ—è—Ç–µ–ª—å–Ω–æ —Ä–µ–∫–æ–º–µ–Ω–¥—É—é!"
1,"–î–æ—Ä–æ–≥–∞ —Ä–æ–≤–Ω–∞—è, –º–∞–ª–æ —Å–∫–∞–º–µ–µ–∫, —Å–ø–æ—Ä—Ç–∏–≤–Ω—ã–µ –ø–ª–æ—â–∞–¥–∫–∏ –µ—Å—Ç—å, –ª—é–¥–µ–π –Ω–µ —Ç–∞–∫ –º–Ω–æ–≥–æ, –≤ –ø—É—Ç–∏ –µ—Å—Ç—å 2-3 –º–µ—Å—Ç–∞ –¥–ª—è –ø–µ—Ä–µ–∫—É—Å–∞. –í –æ–±—â–µ–º —Ä–µ–∫–æ–º–µ–Ω–¥—É—é –¥–ª—è –ø—Ä–æ–≥—É–ª–æ–∫"
1,–ò—Ä–∏–Ω–∞ –∫–∞–π—Ä–∞—Ç–æ–≤–Ω–∞-–∑–∞–∫–ª–∞–¥–∫–∞
1,"–ù–∞—Å—Ç–æ—è—â–∏–π –æ–∞–∑–∏—Å —Å—Ä–µ–¥–∏ –∫–∞–º–µ–Ω–Ω—ã—Ö –¥–∂—É–Ω–≥–ª–µ–π. –ï—Å–ª–∏ —É—Å—Ç–∞–ª–∏ –≥—É–ª—è—Ç—å –ø–æ –≥–æ—Ä–æ–¥—É, –∞ –æ—Ç–ø—Ä–∞–≤–ª—è—Ç—å—Å—è –≤ –≥–æ—Ä—ã –≤ –ø–ª–∞–Ω—ã –Ω–µ –≤—Ö–æ–¥–∏–ª–æ, –≤–∞–º –ø—Ä—è–º–∏–∫–æ–º —Å—é–¥–∞.
–ü—Ä–µ–∫—Ä–∞—Å–Ω–æ –æ–±—É—Å—Ç—Ä–æ–µ–Ω–Ω–∞—è –ø–µ—à–∞—è —Ç—Ä–æ–ø–∞ –¥–ª—è –Ω–µ—Å–ø–µ—à–Ω—ã—Ö –ø—Ä–æ–≥—É–ª–æ–∫ –ø—Ä–æ—Ç—è–∂–µ–Ω–Ω–æ—Å—Ç—å—é 4,5 –∫–∏–ª–æ–º–µ—Ç—Ä–∞. –û–±–æ—Ä—É–¥–æ–≤–∞–Ω–∞ —Å–∫–∞–º–µ–π–∫–∞–º–∏, –∫–∞—á–µ–ª—è–º–∏, –∏–Ω—Ñ–æ—Ä–º–∞—Ü–∏–æ–Ω–Ω—ã–º–∏ —Å—Ç–µ–Ω–¥–∞–º–∏. –¢—è–Ω–µ—Ç—Å—è –≤–¥–æ–ª—å —Ä–µ–∫–∏. –î–∞–∂–µ –≤ –∂–∞—Ä–∫–∏–π –¥–µ–Ω—å —Ç—É—Ç –æ—á–µ–Ω—å –∫–æ–º—Ñ–æ—Ä—Ç–Ω–æ, –º–Ω–æ–≥–æ –∑–µ–ª–µ–Ω–∏ —Å–æ–∑–¥–∞—é—â–µ–π —Ç–µ–Ω—å. –ï—Å—Ç—å —Ç—É–∞–ª–µ—Ç—ã –∏ –ø–∞—Ä–∞ –∫–∞—Ñ–µ. –ú–µ—Å—Ç–æ, –≥–¥–µ —Ö–æ—á–µ—Ç—Å—è –≥—É–ª—è—Ç—å –∏ –Ω–µ –æ–¥–∏–Ω —Ä–∞–∑."
1,"–û—á–µ–Ω—å –∫—Ä–∞—Å–∏–≤–æ–µ –º–µ—Å—Ç–æ –¥–ª—è –ø—Ä–æ–≥—É–ª–æ–∫. –í–µ–∑–¥–µ –ª–∞–≤–æ—á–∫–∏,–æ—á–µ–Ω—å —á–∏—Å—Ç–æ.–û—Å–æ–±–µ–Ω–Ω–æ –∫—Ç–æ,–∑–∞–Ω–∏–º–∞–µ—Ç—Å—è —Å–ø–æ—Ä—Ç–æ–º.–ú–æ–∂–Ω–æ –ø–æ–±–µ–≥–∞—Ç—å –≤–¥–æ–ª—å —Ä–µ—á–∫–∏ –∏–ª–∏ –ø–æ—Ö–æ–¥–∏—Ç—å.–°—Ç–æ—è—Ç –±–µ—Å–ø–ª–∞—Ç–Ω—ã–µ —Ç—É–∞–ª–µ—Ç—ã.–ù–∞ –¥–µ—Ä–µ–≤—å—è—Ö –≤—Å—Ç—Ä–µ—Ç–∏–ª–∏ –±–µ–ª–æ—á–µ–∫."
1,"–û—á–µ–Ω—å –∫—Ä–∞—Å–∏–≤–æ–µ –º–µ—Å—Ç–æ –¥–ª—è –ø—Ä–æ–≥—É–ª–∫–∏, —Å–≤–µ–∂–∏–π –≤–æ–∑–¥—É—Ö, —Ç–∞–∫–∂–µ –ø—Ä–∏—è—Ç–Ω—ã–π –∑–≤—É–∫ –æ—Ç —Ä–µ—á–∫–∏. –ó–∏–º–æ–π –º–æ–∂–Ω–æ –∫–∞—Ç–∞—Ç—å—Å—è –Ω–∞ –∞—Ä–≥–∞–º–∞–∫–∞—Ö –∏–ª–∏ –ø–∞–∫–µ—Ç–∞—Ö."
1,"–ó–¥—Ä–∞–≤—Å—Ç–≤—É–π—Ç–µ. –•–æ–¥–∏–ª–∏ –≤ —Ç–µ—Ä–µ–Ω–∫—É—Ä. –≠—Ç–æ –∞–ª–ª–µ—è. –ò –ø–µ—à–∫–æ–º –º–æ–∂–Ω–æ —Å–ø—É—Å—Ç–∏—Ç—å—Å—è –¥–æ —Å–∞—Ç–ø–∞–µ–≤–∞. –≠—Ç–æ –Ω–µ –ø–∞—Ä–∫. –î–µ–π—Å—Ç–≤–∏—Ç–µ–ª—å–Ω–æ –æ—á–µ–Ω—å –ø—Ä–æ—Ö–ª–∞–¥–Ω–æ –∏ —Å–≤–µ–∂–æ. –ò–¥—Ç–∏ –≤–¥–æ–ª—å —Ä–µ—á–∫–∏. –î–ª—è —Ç–µ—Ö –∫—Ç–æ –¥—É–º–∞–µ—Ç –æ –ø–∏–∫–Ω–∏–∫–µ - —Å–∫–æ—Ä–µ–µ –≤—Å–µ–≥–æ –Ω—É–∂–Ω–æ –±—É–¥–µ—Ç —Å–∏–¥–µ—Ç—å —Ç–æ–ª—å–∫–æ –Ω–∞ —Å–∫–∞–º–µ–π–∫–∞—Ö, –∫–∞–∫ –≤ –ø–∞—Ä–∫–µ –Ω–µ –ø–æ–ª—É—á–∏—Ç—Å—è. –ò–¥—Ç–∏ –æ—á–µ–Ω—å –ª–µ–≥–∫–æ –≤–Ω–∏–∑. –ù—É–∂–Ω–æ –¥–æ–µ—Ö–∞—Ç—å –¥–æ –º–æ—Å—Ç–∞ –∏ –æ—Ç—Ç—É–¥–∞ –∏–¥—Ç–∏ –≤–Ω–∏–∑. –í–≤–µ—Ä—Ö —Ç–µ–∂–µ–ª–µ–µ –±—É–¥–µ—Ç."
1,–û—á–µ–Ω—å –∫—Ä—É—Ç–æ –∫–æ–≥–¥–∞ –µ—Å—Ç—å —Ñ–æ—Ç–æ–≥—Ä–∞—Ñ–∏–∏
1,–û—Ç–ª–∏—á–Ω–æ–µ –º–µ—Å—Ç–æ –¥–ª—è –ø—Ä–æ–≥—É–ª–æ–∫.
1,–õ—é–¥–∏ –º–æ–∂–µ—Ç–µ –ø–æ–¥—Å–∫–∞–∑–∞—Ç—å –≤—Ö–æ–¥ –ø–ª–∞—Ç–Ω—ã–π?
1,–û—á–µ–Ω—å –∫—Ä–∞—Å–∏–≤–æ–µ –º–µ—Å—Ç–æ!
1,"–ì—É–ª—è–ª–∞ –ø–æ –¢–µ—Ä—Ä–µ–Ω–∫—É—Ä—É –µ—â—ë –∏ –¥–æ –≤—Å–µ–π —ç—Ç–æ–π —Ä–µ–Ω–æ–≤–∞—Ü–∏–∏ –∏ –±–ª–∞–≥–æ—É—Å—Ç—Ä–æ–π—Å—Ç–≤–∞ —Ç–µ—Ä—Ä–∏—Ç–æ—Ä–∏–∏. –î–∞–∂–µ —Ç–æ–≥–¥–∞ —ç—Ç–æ –º–µ—Å—Ç–æ –±—ã–ª–æ –æ—Å–æ–±–µ–Ω–Ω—ã–º –¥–ª—è –ø—Ä–æ–≥—É–ª–æ–∫. –ê–±—Å–æ–ª—é—Ç–Ω–∞—è —Ç–∏—à–∏–Ω–∞ (–∑–∞ –∏—Å–∫–ª—é—á–µ–Ω–∏–µ–º, –∫–æ–Ω–µ—á–Ω–æ, —Ä–µ—á–∫–∏), —Ç–µ–Ω–∏—Å—Ç–∞—è –¥–æ—Ä–æ–≥–∞ –∏ —Å–≤–µ–∂–∏–π –≤–æ–∑–¥—É—Ö. –°–µ–π—á–∞—Å –∂–µ –ø—Ä–∏—è—Ç–Ω–æ —Ö–æ–¥–∏—Ç—å –ø–æ —Ä–æ–≤–Ω–æ–π –¥–æ—Ä–æ–≥–µ –∏ –ª—é–±–æ–≤–∞—Ç—å—Å—è –Ω–æ–≤—ã–º–∏ –Ω–∞—Å–∞–∂–¥–µ–Ω–∏—è–º–∏. –õ—é–¥–µ–π –µ—Å—Ç–µ—Å—Ç–≤–µ–Ω–Ω–æ —Å—Ç–∞–ª–æ –±–æ–ª—å—à–µ, –Ω–æ –≤ –ø—Ä–∏–Ω—Ü–∏–ø–µ —ç—Ç–æ –Ω–∏–∫–∞–∫ –Ω–µ –º–µ—à–∞–µ—Ç —Ç–∞–∫ –∂–µ –Ω–∞—Å–ª–∞–∂–¥–∞—Ç—å—Å—è —ç—Ç–∏–º –º–µ—Å—Ç–æ–º."
1,"–ü–æ–¥—Å–∫–∞–∂–∏—Ç–µ,–º–æ–∂–Ω–æ –ª–∏ —É—Å—Ç—Ä–æ–∏—Ç—å –ø–∏–∫–Ω–∏–∫?"
1,"–í–µ—Å—å–º–∞ –Ω–µ–ø–ª–æ—Ö–æ–µ –º–µ—Å—Ç–æ. –ó–¥–µ—Å—å –º–æ–∂–Ω–æ –ª–µ–≥–∫–æ –Ω–∞–≥—É–ª—è—Ç—å –¥–µ—Å—è—Ç—å —Ç—ã—Å—è—á —à–∞–≥–æ–≤. –û—á–µ–Ω—å –∫—Ä–∞—Å–∏–≤–æ–µ –º–µ—Å—Ç–æ, –∏ –ø–æ–∂–∞–ª—É–π—Å—Ç–∞, –ª—é–¥–∏, –Ω–µ –º—É—Å–æ—Ä–∏—Ç–µ –∑–¥–µ—Å—å. –í–æ–æ–±—â–µ –ª—É—á—à–µ –Ω–µ –º—É—Å–æ—Ä–∏—Ç—å –≥–¥–µ –ø–æ–ø–∞–ª–æ. –ù–∞ –ø—É—Ç–∏ —Ç—Ä–æ–ø—ã –µ—Å—Ç—å –º—É—Å–æ—Ä–Ω—ã–µ –±–∞–∫–∏, –º–æ–∂–µ—Ç–µ –±—ã—Å—Ç—Ä–æ –¥–æ–π—Ç–∏ –Ω–µ—Å–∫–æ–ª—å–∫–æ –¥–µ—Å—è—Ç–∫–æ–≤ –º–µ—Ç—Ä–æ–≤ –∏ –≤—ã–±—Ä–æ—Å–∏—Ç—å —Ç—É–¥–∞ —Å–≤–æ–∏ –ø–∞–∫–µ—Ç–∏–∫–∏ –∏ –º–µ–¥–∏—Ü–∏–Ω—Å–∫–∏–µ –º–∞—Å–∫–∏. –ò –Ω–µ –Ω–∞–¥–æ —â–µ–ª–∫–∞—Ç—å —Å–µ–º–µ—á–∫–∏, —Å–æ—Ö—Ä–∞–Ω—è–π—Ç–µ —á–∏—Å—Ç–æ—Ç—É. –ó–¥–µ—Å—å –≤–∞–º –Ω–µ –±–∞–∑–∞—Ä. üòê"
1,–û—Ç–ª–∏—á–Ω–æ–µ –º–µ—Å—Ç–æ –¥–ª—è —Ç—Ä–µ–Ω–∏—Ä–æ–≤–æ–∫ –∏ –ø—Ä–æ–≥—É–ª–æ–∫ —Å —Å–µ–º—å–µ–π
1,"–•–æ—Ä–æ—à–µ–µ –º–µ—Å—Ç–æ –¥–ª—è –æ—Ç–¥—ã—Ö–∞, —Å–≤–µ–∂–∏–π –≤–æ–∑–¥—É—Ö . –†—è–¥–æ–º —Å —Ä–µ—Å—Ç–æ—Ä–∞–Ω–æ–º ""–∞–±"" –ø—Ä—É–¥. –û—á–µ–Ω—å –∫—Ä–∞—Å–∏–≤–æ . –õ–µ—Ç–æ–º —É—Ç–∫–∏ –ø–ª–∞–≤–∞—é—Ç , –≤ –≤—ã—Ö–æ–¥–Ω—ã–µ –æ—á–µ–Ω—å –ø–µ—Ä–µ–ø–æ–ª–Ω–µ–Ω–Ω–æ. –í –Ω–æ—á–Ω–æ–µ –≤—Ä–µ–º—è —Ç–µ–º–Ω–æ —Ç.–∫ –Ω–µ—Ç —Ñ–æ–Ω–æ—Ä–µ–π"
1,"–ü—Ä–∏—è—Ç–Ω–æ–µ –º–µ—Å—Ç–æ –¥–ª—è –ø—Ä–æ–≥—É–ª–æ–∫, –∫—Ä–∞—Å–∏–≤–æ, –ª—é–±–ª—é –∑–¥–µ—Å—å –≥—É–ª—è—Ç—å."
1,"–ö—Ä–∞—Å–∏–≤–æ–µ –º–µ—Å—Ç–æ –¥–ª—è –æ—Ç–¥—ã—Ö–∞, —Å–≤–µ–∂–∏–π —Ö—Ä—É—Å—Ç–∞–ª—å–Ω—ã–π –≤–æ–∑–¥—É—Ö, –ø–ª–∞–≤–∞—é—Ç —É—Ç–∫–∏ –≤ –ø—Ä—É–¥—É, –ø–æ–¥ –Ω–æ–≥–∞–º–∏ —à—É—Ä—à–∞—Ç –ª–∏—Å—Ç—å—è, –≤ –≤—ã—Ö–æ–¥–Ω–æ–π –¥–µ–Ω—å –º–Ω–æ–≥–∏–µ –ø—Ä–∏—Ö–æ–¥—è—Ç —Å—é–¥–∞, —á—Ç–æ–±—ã –æ—Ç–¥–æ—Ö–Ω—É—Ç—å –æ—Ç –≥–æ—Ä–æ–¥—Å–∫–æ–π —Å—É–µ—Ç—ã –∏ –Ω–∞–±—Ä–∞—Ç—å—Å—è —Å–∏–ª –ø–µ—Ä–µ–¥ –ø—Ä–µ–¥—Å—Ç–æ—è—â–µ–π —Ä–∞–±–æ—á–µ–π –Ω–µ–¥–µ–ª–µ–π."
1,"–¢–∞–∫–æ–µ –∑–∞–º–µ—á–∞—Ç–µ–ª—å–Ω–æ–µ –º–µ—Å—Ç–æ –¥–ª—è –ø—Ä–æ–≥—É–ª–æ–∫! –•–æ—Ä–æ—à–æ –æ–±–ª–∞–≥–æ—Ä–æ–¥–∏–ª–∏ —Ç—Ä–æ–ø—É –¢–µ—Ä—Ä–µ–Ω–∫—É—Ä. –ß–∏—Å—Ç–æ, –æ–ø–æ–∑–Ω–∞–≤–∞—Ç–µ–ª—å–Ω—ã–µ –∑–Ω–∞–∫–∏, —Å–∫–∞–º–µ–π–∫–∏ –¥–ª—è –æ—Ç–¥—ã—Ö–∞, —É—Ä–Ω—ã, –º–∞—Å—Å–∏–≤–Ω—ã–µ –∫–∞—á–µ–ª–∏, –¥–µ—Ç—Å–∫–∏–µ –∏ —Å–ø–æ—Ä—Ç–∏–≤–Ω—ã–µ –ø–ª–æ—â–∞–¥–∫–∏ ‚Äì –≤ –æ–±—â–µ–º –µ—Å—Ç—å –≤—Å–µ! –ì—É–ª—è–π –∏ –Ω–∞—Å–ª–∞–∂–¥–∞–π—Å—è! –î–∞–≤–∞–π—Ç–µ –±—É–¥–µ–º –±–µ—Ä–µ—á—å –Ω–∞—à—É –ø—Ä–∏—Ä–æ–¥—É –∏ —É–±–∏—Ä–∞—Ç—å –∑–∞ —Å–æ–±–æ–π –º—É—Å–æ—Ä üòä"
1,"–ß–∏—Å—Ç–æ, —Å–≤–µ–∂–æ –∏ –∫—Ä–∞—Å–∏–≤–æ! –û–±–æ–∂–∞—é!"
1,–û—á–µ–Ω—å –∫—Ä–∞—Å–∏–≤–æ–µ –º–µ—Å—Ç–æ
1,–í—Å–µ —Ö–æ—Ä–æ—à–æ —Å–¥–µ–ª–∞–ª–∏ üëç
1,–û—á–µ–Ω—å –∫—Ä–∞—Å–∏–≤–æ–µ –º–µ—Å—Ç–æ. –î–ª—è –ø—Ä–æ–≥—É–ª–æ–∫ —Å–∞–º–æ–µ —Ç–æü§©
1,üá∞üáøüî•–∫—Ä–∞—Å–æ—Ç–∞ üá∞üáøüá∞üáøüá∞üáøüá∞üáøüá∞üáø
1,"–í—Å–µ–≥–æ –æ–¥–∏–Ω —Ä–∞–∑ –ø–æ–±—ã–≤–∞–ª–∞, –Ω–æ —Ç–∞–º —Ç–∞–∫ —É—é—Ç–Ω–æ –∏ –∫—Ä–∞—Å–∏–≤–æ, —á—Ç–æ –Ω–µ –∑–∞–±—É–¥–µ—à—å —ç—Ç–∏ –æ—â—É—â–µ–Ω–∏—è. üå±–ß–∏—Å—Ç—ã–π –≤–æ–∑–¥—É—Ö, –ø—Ä–æ—Ö–ª–∞–¥–Ω—ã–π –≤–µ—Ç–µ—Ä–æ–∫üçÉ, —É—Å–ø–æ–∫–∞–∏–≤–∞—é—â–∏–π –∑–≤—É–∫ —Ä–µ—á–∫–∏üêö, —Å–µ–º—å–∏ –Ω–∞ –ø—Ä–æ–≥—É–ª–∫–µ, –±–µ–≥—É–Ω—ã, –≤—Å—ë —ç—Ç–æ —Å–æ–∑–¥–∞—ë—Ç –æ—Å–æ–±–µ–Ω–Ω—É—é –∞—Ç–º–æ—Å—Ñ–µ—Ä—Éüåøüí´"
1,"–û—á–µ–Ω—å —É—é—Ç–Ω–æ–µ –º–µ—Å—Ç–æ –¥–ª—è –ø—Ä–æ–≥—É–ª–æ–∫ —Å —Å–µ–º—å–µ–π –∏ –º–∞–ª—ã—à–∞–º–∏)) —á–∏—Å—Ç—ã–π –≤–æ–∑–¥—É—Ö, —à—É–º –≤–æ–¥—ã - —Ç–∞–∫ –∫—Ä—É—Ç–æ!"
1,–†–æ–¥–∏–ª—Å—è –∏ –∂–∏–≤—É –≤ –ê–ª–º–∞—Ç–µ –∏ –Ω–∏–∫–æ–≥–¥–∞ –Ω–µ–∑–Ω–∞–ª –æ–± —ç—Ç–æ–º –º–µ—Å—Ç–µ –¥–∞–∂–µ –µ—â—ë –Ω–µ –±—ã–ª –ø—Ä–æ—Å—Ç–æ —Ñ–æ—Ç–∫–∏ —É–≤–∏–¥–µ–ª –Ω—É –ø–æ–Ω—Ä–∞–≤–∏–ª—Å—è
1,"üòçüòçüòçüòçüòçüòçüòç
–ö–ª–∞—Å—Å –ø—Ä–æ—Å—Ç–æ –∫–ª–∞—Å—Å"
1,"–°–≤–µ–∂–∏–π –≤–æ–∑–¥—É—Ö, —Ç–∏—à–∏–Ω–∞.
–û—á–µ–Ω—å –∫–ª–∞—Å—Å–Ω–æ–µ –º–µ—Å—Ç–µ—á–∫–æ."
1,—É –º–µ–Ω—è —Ç–∞–º —É–ø–∞–ª —Å–∫–µ–π—Ç –≤ –≤–æ–¥—É
1,–û—Ç–¥–æ—Ö–Ω—É–ª–∏ –æ—Ç –¥—É—à–∏‚Ä¶ üòâ
1,–õ—é–±–∏–º–æ–µ –º–µ—Å—Ç–æ –≤ –≥–æ—Ä–æ–¥–µ
1,–ó–∞–º–µ—á–∞—Ç–µ–ª—å–Ω–æ–µ –º–µ—Å—Ç–æ –¥–ª—è –ø—Ä–æ–≥—É–ª–æ–∫. –í –∂–∞—Ä—É –ø—Ä–∏—è—Ç–Ω–∞—è –ø—Ä–æ—Ö–ª–∞–¥–∞. –°–≤–µ–∂–æ –∏ —á–∏—Å—Ç–æ. –õ–∞–≤–æ—á–µ–∫ –∏ –º–µ—Å—Ç –¥–ª—è –æ—Ç–¥—ã—Ö–∞ –ø—Ä–µ–¥–æ—Å—Ç–∞—Ç–æ—á–Ω–æ. –ì—É–ª—è–π—Ç–µ –ø–æ —Ç—Ä–æ–ø–µ –∑–¥–æ—Ä–æ–≤—å—è –∏ –Ω–∞—Å–ª–∞–∂–¥–∞–π—Ç–µ—Å—å –ø—Ä–µ–∫—Ä–∞—Å–Ω—ã–º–∏ –≤–∏–¥–∞–º–∏. –°–æ–≤–º–µ—â–∞–π—Ç–µ –ø—Ä–∏—è—Ç–Ω–æ–µ —Å –ø–æ–ª–µ–∑–Ω—ã–º.
1,"–ö—Ç–æ –Ω–∏–±—É–¥—å —Å–∫–∞–∂–∏—Ç–µ, –º–æ–∂–Ω–æ –ø–∏–∫–Ω–∏–∫ –¥–µ–ª–∞—Ç—å? –ï—Å—Ç—å –ª–∏ —Ç–∞–∫–æ–µ –º–µ—Å—Ç–æ —Ç–∞–º?"
1,"–®–∏–∫–∞—Ä–Ω–æ–µ –º–µ—Å—Ç–æ –¥–ª—è –æ—Ç–¥—ã—Ö–∞, –≤—Å–µ —Ç–∞–∫–æ–µ –∫—Ä–∞—Å–∏–≤–æ–µ"
1,–ë–µ–∑—É–º–Ω–æ –∫—Ä–∞—Å–∏–≤–æ–µ –º–µ—Å—Ç–æüòç
1,–û—á–µ–Ω—å –∫—Ä–∞—Å–∏–≤–æ–µ –º–µ—Å—Ç–æ –¥–ª—è –ø—Ä–æ–≥—É–ª–æ–∫